company_id,year,free_cash_flow_cr,cfo_quality_score,cfo_quality_label,capex_cr,capex_label,fcf_conversion_rate
ABB,Dec 2012,42.0,0.696551724137931,Moderate,3.569267997580157,Moderate,20.792079207920793
ABB,Mar 2014,11.0,0.7828282828282829,Moderate,6.32688927943761,Moderate,4.119850187265917
ABB,Mar 2015,28.0,0.9388646288209607,Moderate,8.169506334643948,Capital Intensive,8.974358974358974
ABB,Mar 2016,172.0,0.9764705882352941,Moderate,2.9456771231828616,Asset Light,47.12328767123288
ABB,Mar 2017,152.0,1.108303249097473,High Quality,5.339304168101963,Moderate,38.19095477386934
ABB,Mar 2018,-62.0,0.38154613466334164,Accrual Risk,6.519102486355368,Moderate,-11.80952380952381
ABB,Mar 2019,242.0,1.1088888888888888,High Quality,6.985593911388964,Moderate,40.0
ABB,Mar 2020,225.0,1.0556492411467115,High Quality,9.79721475690203,Capital Intensive,29.722589167767506
ABB,Mar 2021,655.0,1.0520984081041969,High Quality,1.6705336426914155,Asset Light,71.04121475054231
ABB,Mar 2022,552.0,1.1864831038798498,High Quality,8.0602483207816,Capital Intensive,51.01663585951941
ABB,Mar 2023,745.0,0.9409905163329821,Moderate,2.766872312581791,Asset Light,61.77446102819238
ABB,Mar 2024,797.0,1.009991673605329,High Quality,7.112326893486067,Moderate,54.852030282174816
ABB,TTM,,,Accrual Risk,,Capital Intensive,
ADANIENSOL,Mar 2014,0.0,,,,,
ADANIENSOL,Mar 2015,-1899.0,5.0,High Quality,1422.9007633587787,Capital Intensive,-1880.19801980198
ADANIENSOL,Mar 2016,728.0,4.195652173913044,High Quality,37.192342752962624,Capital Intensive,37.77893098079917
ADANIENSOL,Mar 2017,459.0,5.262019230769231,High Quality,60.15299026425591,Capital Intensive,23.14674735249622
ADANIENSOL,Mar 2018,-994.0,1.9230096237970253,High Quality,80.93306288032454,Capital Intensive,-35.17338995046001
ADANIENSOL,Mar 2019,-459.0,4.635062611806798,High Quality,41.752224503764545,Capital Intensive,-16.52267818574514
ADANIENSOL,Mar 2020,-206.0,7.701133144475921,High Quality,49.43062368605466,Capital Intensive,-4.837952090183185
ADANIENSOL,Mar 2021,-225.0,2.933333333333333,High Quality,40.38887769494258,Capital Intensive,-5.69620253164557
ADANIENSOL,Mar 2022,161.0,3.3147249190938513,High Quality,34.96180493871025,Capital Intensive,3.8278649548264383
ADANIENSOL,Mar 2023,-922.0,2.9484777517564402,High Quality,35.34943203189649,Capital Intensive,-20.407259849490924
ADANIENSOL,Mar 2024,1095.0,5.048494983277592,High Quality,29.764557114469802,Capital Intensive,19.17352477674663
ADANIENSOL,TTM,,,Accrual Risk,,Capital Intensive,
ADANIENT,Mar 2013,-7124.0,6.293924466338259,High Quality,31.892183288409704,Capital Intensive,-118.31921607706361
ADANIENT,Mar 2014,221.0,3.109599395313681,High Quality,14.572224143265327,Capital Intensive,2.3553234573164232
ADANIENT,Mar 2015,-2933.0,3.7127937336814623,High Quality,17.784844489257736,Capital Intensive,-23.55823293172691
ADANIENT,Mar 2016,3287.0,5.112,High Quality,5.366384380145848,Moderate,195.19002375296913
ADANIENT,Mar 2017,-686.0,0.8367567567567568,Moderate,3.996386828346974,Moderate,-36.067297581493165
ADANIENT,Mar 2018,-4707.0,4.952861952861953,High Quality,21.2921723638793,Capital Intensive,-230.96172718351323
ADANIENT,Mar 2019,5723.0,6.395256916996048,High Quality,6.159142128334035,Moderate,290.655154900965
ADANIENT,Mar 2020,1372.0,2.3596153846153847,High Quality,2.4929152362739906,Asset Light,59.80819529206626
ADANIENT,Mar 2021,-4568.0,3.8652007648183555,High Quality,21.77959885676708,Capital Intensive,-182.28252194732642
ADANIENT,Mar 2022,-15656.0,1.7576142131979695,High Quality,24.54768078363584,Capital Intensive,-421.5401184706516
ADANIENT,Mar 2023,2167.0,7.277456647398844,High Quality,12.120903246040458,Capital Intensive,24.574733499659786
ADANIENT,Mar 2024,-8455.0,3.0920539730134933,High Quality,19.463602327293845,Capital Intensive,-74.31660367407929
ADANIENT,TTM,,,Accrual Risk,,Capital Intensive,
ADANIGREEN,Mar 2017,-1483.0,-0.5957446808510638,Accrual Risk,300.996015936255,Capital Intensive,-367.99007444168734
ADANIGREEN,Mar 2018,-3779.0,-4.702898550724638,Accrual Risk,299.18918918918916,Capital Intensive,-448.2799525504152
ADANIGREEN,Mar 2019,-1041.0,-3.4210526315789473,Accrual Risk,129.54324586977648,Capital Intensive,-68.2175622542595
ADANIGREEN,Mar 2020,-1778.0,-28.897058823529413,Accrual Risk,146.8418987838368,Capital Intensive,-122.62068965517241
ADANIGREEN,Mar 2021,-7536.0,8.796703296703297,High Quality,292.4775928297055,Capital Intensive,-336.27844712182065
ADANIGREEN,Mar 2022,-15603.0,6.394683026584867,High Quality,364.89382427430354,Capital Intensive,-444.2767653758542
ADANIGREEN,Mar 2023,3408.0,7.466598150051388,High Quality,49.60133744855967,Capital Intensive,68.57142857142857
ADANIGREEN,Mar 2024,-13347.0,6.121428571428571,High Quality,228.4164859002169,Capital Intensive,-182.3858977862804
ADANIGREEN,TTM,,,Accrual Risk,,Capital Intensive,
ADANIPORTS,Mar 2013,-3757.0,0.8413666870042709,Moderate,143.58400894604418,Capital Intensive,-157.7246011754828
ADANIPORTS,Mar 2014,-1378.0,0.6502010338885698,Moderate,51.96687370600414,Capital Intensive,-47.20794792737239
ADANIPORTS,Mar 2015,572.0,1.3154044750430292,High Quality,40.39336801040312,Capital Intensive,14.659149154279858
ADANIPORTS,Mar 2016,-1772.0,0.8336834733893558,Moderate,58.418905612603744,Capital Intensive,-38.71531570897968
ADANIPORTS,Mar 2017,1434.0,1.0412608918503332,High Quality,31.152980210925463,Capital Intensive,26.46733111849391
ADANIPORTS,Mar 2018,1762.0,1.5197831978319782,High Quality,33.966263357767374,Capital Intensive,24.6192538773229
ADANIPORTS,Mar 2019,1661.0,1.4904820766378244,High Quality,39.98169336384439,Capital Intensive,25.181928441479684
ADANIPORTS,Mar 2020,6653.0,1.9556142668428005,High Quality,6.308430893624189,Moderate,111.87153186480579
ADANIPORTS,Mar 2021,-6508.0,1.4965339671222024,High Quality,112.06374501992032,Capital Intensive,-74.90791896869244
ADANIPORTS,Mar 2022,4927.0,2.103775489602261,High Quality,32.087154623517726,Capital Intensive,51.710747271200674
ADANIPORTS,Mar 2023,-4816.0,2.2073826748284175,High Quality,80.1649721849223,Capital Intensive,-43.99378825248927
ADANIPORTS,Mar 2024,8250.0,1.8531589338598222,High Quality,25.337875781513237,Capital Intensive,52.92193213163128
ADANIPORTS,TTM,,,Accrual Risk,,Capital Intensive,
ADANIPOWER,Mar 2013,-1063.0,-1.3076252723311548,Accrual Risk,60.72922893006575,Capital Intensive,-110.72916666666666
ADANIPOWER,Mar 2014,-1462.0,-11.127147766323024,Accrual Risk,30.66283924843424,Capital Intensive,-31.83104724580884
ADANIPOWER,Mar 2015,1087.0,-7.137254901960785,Accrual Risk,25.354600438901677,Capital Intensive,23.236425823001284
ADANIPOWER,Mar 2016,2565.0,9.540834845735027,High Quality,10.60803089411672,Capital Intensive,29.141104294478527
ADANIPOWER,Mar 2017,3513.0,-0.7653061224489796,Accrual Risk,5.359037849310223,Moderate,58.745819397993316
ADANIPOWER,Mar 2018,4581.0,-2.425582501188778,Accrual Risk,2.56107171000788,Asset Light,84.27152317880795
ADANIPOWER,Mar 2019,4626.0,-5.701219512195122,Accrual Risk,4.119912912409982,Moderate,92.83564118001205
ADANIPOWER,Mar 2020,3294.0,-2.4606593406593404,Accrual Risk,8.704851141000454,Capital Intensive,57.446808510638306
ADANIPOWER,Mar 2021,4826.0,5.522834645669291,High Quality,8.344456733152816,Capital Intensive,55.547882136279924
ADANIPOWER,Mar 2022,11007.0,2.0832654723127035,High Quality,2.793114647612861,Asset Light,111.39560773201094
ADANIPOWER,Mar 2023,9976.0,0.7859606600167801,Moderate,3.984731643153741,Moderate,98.81141045958796
ADANIPOWER,Mar 2024,17651.0,0.6803015027125642,Moderate,6.9134674584417395,Moderate,96.83454026771999
ADANIPOWER,TTM,,,Accrual Risk,,Capital Intensive,
AMBUJACEM,Dec 2012,1472.0,1.4396284829721362,High Quality,3.979895373884501,Moderate,59.522846744844315
AMBUJACEM,Dec 2013,771.0,0.9913928012519562,Moderate,5.414256085580177,Moderate,46.19532654284003
AMBUJACEM,Dec 2014,1219.0,1.1264290517821116,High Quality,4.580612757408337,Moderate,63.02998965873836
AMBUJACEM,Dec 2015,1474.0,1.926980198019802,High Quality,0.8795167955918195,Asset Light,95.59014267185474
AMBUJACEM,Dec 2016,-1355.0,1.9595536959553697,High Quality,20.727580372250422,Capital Intensive,-42.59666771455517
AMBUJACEM,Dec 2017,2678.0,1.7562982005141388,High Quality,3.125926553433013,Moderate,69.4142042509072
AMBUJACEM,Dec 2018,938.0,0.5728220652539522,Moderate,2.9376752044852346,Asset Light,23.38568935427574
AMBUJACEM,Dec 2019,3548.0,1.7028386633129715,High Quality,4.394185360094451,Moderate,77.18077006743529
AMBUJACEM,Dec 2020,3515.0,1.5551979401351785,High Quality,5.3720019579050415,Moderate,70.2157411106672
AMBUJACEM,Dec 2021,3302.0,1.4306116949609269,High Quality,6.929052304505437,Moderate,53.17230273752013
AMBUJACEM,Mar 2023 15,,,Accrual Risk,,Capital Intensive,
AMBUJACEM,Mar 2024,-3295.0,1.1916420430561419,High Quality,26.963208685162847,Capital Intensive,-51.48437500000001
AMBUJACEM,TTM,,,Accrual Risk,,Capital Intensive,
APOLLOHOSP,Mar 2013,-290.0,1.462046204620462,High Quality,19.44812947731494,Capital Intensive,-47.385620915032675
APOLLOHOSP,Mar 2014,17.0,1.1841269841269841,High Quality,8.170759697039246,Capital Intensive,2.514792899408284
APOLLOHOSP,Mar 2015,-289.0,1.4029850746268657,High Quality,14.798206278026907,Capital Intensive,-39.21302578018996
APOLLOHOSP,Mar 2016,-291.0,2.5404255319148934,High Quality,14.439024390243901,Capital Intensive,-42.54385964912281
APOLLOHOSP,Mar 2017,-529.0,4.755725190839694,High Quality,15.87651598676957,Capital Intensive,-72.0708446866485
APOLLOHOSP,Mar 2018,132.0,8.95,High Quality,4.91325973553318,Moderate,16.479400749063668
APOLLOHOSP,Mar 2019,194.0,4.525,High Quality,7.393157949464491,Moderate,18.13084112149533
APOLLOHOSP,Mar 2020,1004.0,2.9930555555555554,High Quality,2.569574108651196,Asset Light,63.10496543054682
APOLLOHOSP,Mar 2021,385.0,9.233576642335766,High Quality,8.333333333333332,Capital Intensive,33.771929824561404
APOLLOHOSP,Mar 2022,949.0,1.5306859205776173,High Quality,5.094455432039828,Moderate,43.35312928277752
APOLLOHOSP,Mar 2023,520.0,1.6315165876777251,High Quality,5.158921261738502,Moderate,25.181598062954
APOLLOHOSP,Mar 2024,383.0,2.053475935828877,High Quality,8.064431502177449,Capital Intensive,15.998329156223893
APOLLOHOSP,TTM,,,Accrual Risk,,Capital Intensive,
ASIANPAINT,Mar 2013,724.0,1.0232758620689655,High Quality,4.407844630616908,Moderate,41.681059297639614
ASIANPAINT,Mar 2014,816.0,1.110055423594616,High Quality,4.795417348608838,Moderate,40.7185628742515
ASIANPAINT,Mar 2015,723.0,0.8325157673440785,Moderate,3.4153507161219245,Moderate,32.23361569326795
ASIANPAINT,Mar 2016,1377.0,1.2440377149195785,High Quality,6.068250297806741,Moderate,50.53211009174312
ASIANPAINT,Mar 2017,846.0,0.7574404761904762,Moderate,4.521311910768822,Moderate,28.256513026052104
ASIANPAINT,Mar 2018,557.0,1.0071496663489037,High Quality,9.248142644873699,Capital Intensive,17.384519350811487
ASIANPAINT,Mar 2019,1552.0,1.118659420289855,High Quality,4.771309771309771,Moderate,41.221779548472774
ASIANPAINT,Mar 2020,2520.0,1.0951694304253785,High Quality,2.5629607639404286,Asset Light,60.62063988453211
ASIANPAINT,Mar 2021,3142.0,1.1484253196133458,High Quality,2.491594897066274,Asset Light,64.70345963756178
ASIANPAINT,Mar 2022,669.0,0.3196110210696921,Accrual Risk,1.089309645716642,Asset Light,13.925895087427145
ASIANPAINT,Mar 2023,2911.0,0.999523241954708,Moderate,3.7171271999768045,Moderate,46.501597444089455
ASIANPAINT,Mar 2024,3556.0,1.0982367758186398,High Quality,7.17847584166784,Moderate,46.88200395517469
ASIANPAINT,TTM,,,Accrual Risk,,Capital Intensive,
ATGL,Mar 2018,,,Accrual Risk,,Capital Intensive,
ATGL,Mar 2019,,,Accrual Risk,,Capital Intensive,
ATGL,Mar 2020,,,Accrual Risk,,Capital Intensive,
ATGL,Mar 2021,,,Accrual Risk,,Capital Intensive,
ATGL,Mar 2022,,,Accrual Risk,,Capital Intensive,
ATGL,Mar 2023,,,Accrual Risk,,Capital Intensive,
ATGL,Mar 2024,,,Accrual Risk,,Capital Intensive,
ATGL,TTM,,,Accrual Risk,,Capital Intensive,
BAJAJ-AUTO,Mar 2013,824.0,0.7079476540057453,Moderate,6.961298377028714,Moderate,22.538293216630198
BAJAJ-AUTO,Mar 2014,1430.0,1.036094674556213,High Quality,10.28951680985251,Capital Intensive,34.350228200816716
BAJAJ-AUTO,Mar 2015,1734.0,0.6986120290812955,Moderate,1.7596665894883075,Asset Light,42.00581395348838
BAJAJ-AUTO,Mar 2016,3622.0,0.9086431913321842,Moderate,0.30123150527155135,Asset Light,75.56853745044857
BAJAJ-AUTO,Mar 2017,-343.0,0.8009316008825692,Moderate,16.593886462882097,Capital Intensive,-7.744411831113118
BAJAJ-AUTO,Mar 2018,2374.0,1.0258355060440862,High Quality,7.7508925029750095,Moderate,48.98885678910442
BAJAJ-AUTO,Mar 2019,2214.0,0.5046672077922078,Moderate,0.8992687265300744,Asset Light,42.59330511735283
BAJAJ-AUTO,Mar 2020,5616.0,0.7386799693016116,Moderate,5.902603696647615,Moderate,109.92366412213741
BAJAJ-AUTO,Mar 2021,251.0,0.6423718344657195,Moderate,10.342092931040698,Capital Intensive,5.0830295666261645
BAJAJ-AUTO,Mar 2022,4473.0,0.6806681803438209,Moderate,0.8327047820184039,Asset Light,85.05419281232174
BAJAJ-AUTO,Mar 2023,6488.0,0.8707920792079208,Moderate,3.3219037169112604,Moderate,100.35576179427687
BAJAJ-AUTO,Mar 2024,6486.0,0.8508043591074209,Moderate,0.16046356139959886,Asset Light,73.99885909868796
BAJAJ-AUTO,TTM,,,Accrual Risk,,Capital Intensive,
AXISBANK,Mar 2013,-8366.0,0.4968140567677158,Accrual Risk,40.2420630541147,Capital Intensive,-100.63755563575123
AXISBANK,Mar 2014,298.0,2.326149887423609,High Quality,46.23217257922392,Capital Intensive,3.090004147656574
AXISBANK,Mar 2015,-23134.0,-2.060614297363414,Accrual Risk,22.469629921925645,Capital Intensive,-207.90869057248136
AXISBANK,Mar 2016,-25284.0,-4.19443093385214,Accrual Risk,22.47243095540158,Capital Intensive,-189.15239021470788
AXISBANK,Mar 2017,19751.0,8.754824680619734,High Quality,27.96910780836065,Capital Intensive,82.95950940860214
AXISBANK,Mar 2018,-48397.0,-139.09420289855072,Accrual Risk,21.858890345128877,Capital Intensive,-167.49264578646824
AXISBANK,Mar 2019,18451.0,7.937780628608082,High Quality,33.96137198559634,Capital Intensive,67.94697109187994
AXISBANK,Mar 2020,20931.0,18.694529809465273,High Quality,15.14329049253612,Capital Intensive,59.690298294644386
AXISBANK,Mar 2021,-41655.0,1.9175774134790529,High Quality,85.70075458592493,Capital Intensive,-131.2009827081168
AXISBANK,Mar 2022,1025.0,2.1602303262955855,High Quality,40.239250782908115,Capital Intensive,3.420999933248782
AXISBANK,Mar 2023,-10276.0,2.3042797494780793,High Quality,37.986707998684885,Capital Intensive,-35.32606827323043
AXISBANK,Mar 2024,-14556.0,-0.2234423394071035,Accrual Risk,8.229937185125584,Capital Intensive,-38.36280736894816
AXISBANK,TTM,,,Accrual Risk,,Capital Intensive,
BAJAJFINSV,Mar 2013,-3969.0,-3.1264679313459802,Accrual Risk,36.660459342023586,Capital Intensive,-100.96667514627322
BAJAJFINSV,Mar 2014,-6043.0,-4.476038338658147,Accrual Risk,62.49377386684376,Capital Intensive,-134.55800489868625
BAJAJFINSV,Mar 2015,-7022.0,-4.454545454545454,Accrual Risk,32.721658579620645,Capital Intensive,-127.41789148974777
BAJAJFINSV,Mar 2016,-10681.0,-3.5297297297297296,Accrual Risk,4.315005113719379,Moderate,-158.4953257159816
BAJAJFINSV,Mar 2017,-10771.0,-3.165797101449275,Accrual Risk,0.6161504876157833,Asset Light,-123.61987834270629
BAJAJFINSV,Mar 2018,-20502.0,-4.688697318007663,Accrual Risk,2.805672204978394,Asset Light,-190.04449388209122
BAJAJFINSV,Mar 2019,-33979.0,-5.038332713062895,Accrual Risk,16.20232367093064,Capital Intensive,-225.96927578639355
BAJAJFINSV,Mar 2020,-33317.0,-3.898732065398732,Accrual Risk,18.303251090136335,Capital Intensive,-182.4789133530507
BAJAJFINSV,Mar 2021,863.0,0.6172118908646668,Moderate,6.0800105624504885,Moderate,4.393869965887684
BAJAJFINSV,Mar 2022,-32225.0,-4.049795525619437,Accrual Risk,2.1123878022395695,Asset Light,-150.19808902353765
BAJAJFINSV,Mar 2023,-53425.0,-3.2334152334152333,Accrual Risk,16.99117847743445,Capital Intensive,-178.87036293022632
BAJAJFINSV,Mar 2024,-79634.0,-4.403590894517474,Accrual Risk,9.929155115870342,Capital Intensive,-194.77082619967717
BAJAJFINSV,TTM,,,Accrual Risk,,Capital Intensive,
BAJAJHLDNG,Mar 2013,104.0,0.2548491379310345,Accrual Risk,109.49554896142433,Capital Intensive,32.298136645962735
BAJAJHLDNG,Mar 2014,353.0,0.4386317907444668,Accrual Risk,122.69503546099291,Capital Intensive,88.25
BAJAJHLDNG,Mar 2015,332.0,0.39231148348940365,Accrual Risk,88.54961832061069,Capital Intensive,68.59504132231406
BAJAJHLDNG,Mar 2016,2166.0,0.506401766004415,Moderate,216.8085106382979,Capital Intensive,504.8951048951049
BAJAJHLDNG,Mar 2017,-1295.0,-0.3732308936514355,Accrual Risk,44.180522565320665,Capital Intensive,-206.21019108280257
BAJAJHLDNG,Mar 2018,508.0,0.6143126177024482,Moderate,267.38095238095235,Capital Intensive,143.09859154929578
BAJAJHLDNG,Mar 2019,465.0,0.20603674540682415,Accrual Risk,37.81902552204176,Capital Intensive,134.0057636887608
BAJAJHLDNG,Mar 2020,1120.0,0.6233766233766234,Moderate,183.90804597701148,Capital Intensive,372.09302325581393
BAJAJHLDNG,Mar 2021,-36.0,0.07443897099069513,Accrual Risk,67.39606126914661,Capital Intensive,-10.227272727272728
BAJAJHLDNG,Mar 2022,1459.0,0.39020843431895297,Accrual Risk,31.198347107438018,Capital Intensive,397.54768392370573
BAJAJHLDNG,Mar 2023,1591.0,0.3493732308936514,Accrual Risk,26.245210727969347,Capital Intensive,418.6842105263158
BAJAJHLDNG,Mar 2024,1469.0,0.26354378818737273,Accrual Risk,27.73207990599295,Capital Intensive,94.0460947503201
BAJAJHLDNG,TTM,,,Accrual Risk,,Capital Intensive,
BAJFINANCE,Mar 2015,-7424.0,-7.866369710467706,Accrual Risk,6.6765578635014835,Moderate,-423.7442922374429
BAJFINANCE,Mar 2016,-10557.0,-7.716966379984362,Accrual Risk,9.412248253185368,Capital Intensive,-448.4706881903144
BAJFINANCE,Mar 2017,-13486.0,-5.685729847494553,Accrual Risk,30.561685055165494,Capital Intensive,-414.95384615384614
BAJFINANCE,Mar 2018,-19491.0,-8.239583333333334,Accrual Risk,8.434018515612742,Capital Intensive,-473.65735115431346
BAJFINANCE,Mar 2019,-34441.0,-7.27459324155194,Accrual Risk,29.09612159896143,Capital Intensive,-631.4814814814815
BAJFINANCE,Mar 2020,-33170.0,-4.637537993920972,Accrual Risk,33.20694623492834,Capital Intensive,-362.15744076864286
BAJFINANCE,Mar 2021,-1236.0,-0.18257918552036198,Accrual Risk,1.6083680125970081,Asset Light,-11.40326598394686
BAJFINANCE,Mar 2022,-30743.0,-5.277461582242458,Accrual Risk,20.059416579754117,Capital Intensive,-258.7794612794613
BAJFINANCE,Mar 2023,-52506.0,-3.659367396593674,Accrual Risk,25.09961121441163,Capital Intensive,-413.66107303238005
BAJFINANCE,Mar 2024,-79931.0,-5.034945678499758,Accrual Risk,13.044822818889617,Capital Intensive,-496.49667681222434
BAJFINANCE,TTM,,,Accrual Risk,,Capital Intensive,
BANKBARODA,Mar 2013,22682.0,4.803478981155519,High Quality,1.410460457713627,Asset Light,207.14155251141554
BANKBARODA,Mar 2014,41503.0,8.386219221604447,High Quality,1.8041173417690237,Asset Light,344.45182172794426
BANKBARODA,Mar 2015,17282.0,4.5159493670886075,High Quality,1.2378937993988643,Asset Light,128.3380365364622
BANKBARODA,Mar 2016,-14016.0,1.9890721239817206,High Quality,8.744732417738378,Capital Intensive,-55.20066165176637
BANKBARODA,Mar 2017,17314.0,9.630727762803234,High Quality,1.238953972072943,Asset Light,89.94285714285715
BANKBARODA,Mar 2018,-60106.0,32.5119825708061,High Quality,0.8989056800416885,Asset Light,-230.35296822902694
BANKBARODA,Mar 2019,-3986.0,-1.2427101200686106,Accrual Risk,4.795297319774694,Moderate,-15.440635289560333
BANKBARODA,Mar 2020,18392.0,18.889908256880734,High Quality,0.1761835350782686,Asset Light,45.319468743069756
BANKBARODA,Mar 2021,-1358.0,-0.5475308641975308,Accrual Risk,0.6337971310923918,Asset Light,-3.5671132125032834
BANKBARODA,Mar 2022,2565.0,0.7828060002521114,Moderate,4.9669550998160386,Moderate,6.836718375179913
BANKBARODA,Mar 2023,-22450.0,-1.423125624791736,Accrual Risk,1.159751542279081,Asset Light,-58.7219795453951
BANKBARODA,Mar 2024,-7559.0,-0.3325030473263024,Accrual Risk,1.0854965830088108,Asset Light,-17.03283084341693
BANKBARODA,TTM,,,Accrual Risk,,Capital Intensive,
BHARTIARTL,Mar 2013,3932.0,9.972651080723423,High Quality,24.27125164073973,Capital Intensive,17.125435540069684
BHARTIARTL,Mar 2014,1052.0,8.689301093077178,High Quality,29.326609522034847,Capital Intensive,3.968014484007242
BHARTIARTL,Mar 2015,5758.0,5.558438985736926,High Quality,23.20579390432982,Capital Intensive,17.135884768763766
BHARTIARTL,Mar 2016,13851.0,4.053677643986653,High Quality,14.597232005966934,Capital Intensive,40.75741525423729
BHARTIARTL,Mar 2017,-2400.0,6.668238622966282,High Quality,32.13642267566095,Capital Intensive,-6.793093688083782
BHARTIARTL,Mar 2018,1914.0,13.66941391941392,High Quality,33.80970244073622,Capital Intensive,6.363243458891585
BHARTIARTL,Mar 2019,-8216.0,11.889810426540285,High Quality,35.01609309234959,Capital Intensive,-31.88945815867101
BHARTIARTL,Mar 2020,-11469.0,-0.5912144534307331,Accrual Risk,33.81121557248769,Capital Intensive,-31.32750614586179
BHARTIARTL,Mar 2021,20919.0,-3.8988191523778712,Accrual Risk,27.118947284726087,Capital Intensive,46.200225269992714
BHARTIARTL,Mar 2022,13539.0,6.624563515954245,High Quality,35.58907565188293,Capital Intensive,23.532172280738344
BHARTIARTL,Mar 2023,26093.0,5.31659477496541,High Quality,28.19504833087786,Capital Intensive,36.60942279091955
BHARTIARTL,Mar 2024,27809.0,9.219210095816779,High Quality,34.063420943846594,Capital Intensive,35.51959331732489
BHARTIARTL,TTM,,,Accrual Risk,,Capital Intensive,
BEL,Mar 2013,214.0,-1.6893523600439078,Accrual Risk,27.94516180455922,Capital Intensive,31.988041853512705
BEL,Mar 2014,190.0,-0.5976890756302521,Accrual Risk,11.644676281067811,Capital Intensive,20.54054054054054
BEL,Mar 2015,595.0,1.1979949874686717,High Quality,11.828563372338925,Capital Intensive,50.46649703138253
BEL,Mar 2016,790.0,1.6903515332834704,High Quality,19.989121566494426,Capital Intensive,56.71213208901651
BEL,Mar 2017,3054.0,-0.04005252790544977,Accrual Risk,35.9865988909427,Capital Intensive,170.42410714285714
BEL,Mar 2018,-693.0,-0.480083857442348,Accrual Risk,0.05768676088837611,Asset Light,-33.98724865129966
BEL,Mar 2019,618.0,0.8023317435082141,Moderate,7.365998026964814,Moderate,21.244413887933998
BEL,Mar 2020,1921.0,1.4082191780821918,High Quality,5.004626773596545,Moderate,69.62667633200435
BEL,Mar 2021,2498.0,2.4252380952380954,High Quality,18.392515415692113,Capital Intensive,77.7224642190417
BEL,Mar 2022,-665.0,1.7529166666666667,High Quality,31.70223841749089,Capital Intensive,-19.886363636363637
BEL,Mar 2023,3907.0,0.4015405224380442,Accrual Risk,15.270102627720764,Capital Intensive,95.52567237163814
BEL,Mar 2024,-1265.0,1.1691342534504392,High Quality,29.228340240773633,Capital Intensive,-25.044545634527815
BEL,TTM,,,Accrual Risk,,Capital Intensive,
BHEL,Mar 2013,646.0,0.26281189302256086,Accrual Risk,2.2759339917796453,Asset Light,6.81219023515765
BHEL,Mar 2014,3644.0,1.2884066247858366,High Quality,2.19408002831071,Asset Light,79.58069447477615
BHEL,Mar 2015,1471.0,0.5662068965517242,Moderate,2.0751524438910702,Asset Light,68.70621205044371
BHEL,Mar 2016,397.0,-0.5297450424929179,Accrual Risk,0.09017839639286414,Asset Light,-29.255711127487103
BHEL,Mar 2017,-5.0,1.2307692307692308,High Quality,1.9848937291410504,Asset Light,-0.45662100456621
BHEL,Mar 2018,1950.0,2.2579908675799087,High Quality,3.333680230339612,Moderate,117.96733212341198
BHEL,Mar 2019,-1941.0,-3.852295409181637,Accrual Risk,6.303997897572352,Moderate,-95.52165354330708
BHEL,Mar 2020,-1015.0,1.9700272479564032,High Quality,8.745282579322556,Capital Intensive,763.1578947368421
BHEL,Mar 2021,518.0,-0.2074074074074074,Accrual Risk,0.2426483332370443,Asset Light,-16.98917677927189
BHEL,Mar 2022,-458.0,1.4831460674157304,High Quality,5.270850030644477,Moderate,-55.31400966183575
BHEL,Mar 2023,739.0,-1.1330275229357798,Accrual Risk,6.334260646265783,Moderate,70.78544061302682
BHEL,Mar 2024,-2382.0,-13.166666666666666,Accrual Risk,5.570669233666764,Moderate,-335.0210970464135
BHEL,TTM,,,Accrual Risk,,Capital Intensive,
BOSCHLTD,Dec 2012,47.0,0.9091858037578288,Moderate,9.516110405358587,Capital Intensive,3.4814814814814814
BOSCHLTD,Dec 2013,211.0,1.1943502824858756,High Quality,9.660842754367934,Capital Intensive,16.369278510473233
BOSCHLTD,Mar 2015,213.0,1.0433482810164425,High Quality,9.78818467648519,Capital Intensive,10.752145381120647
BOSCHLTD,Mar 2016,323.0,0.8608752449379491,Moderate,10.256674569631997,Capital Intensive,17.199148029818957
BOSCHLTD,Mar 2017,2703.0,0.8368753589890867,Moderate,11.940584571154767,Capital Intensive,137.69740193581254
BOSCHLTD,Mar 2018,559.0,1.261123267687819,High Quality,10.008554319931566,Capital Intensive,26.70807453416149
BOSCHLTD,Mar 2019,2359.0,0.3710888610763454,Accrual Risk,14.6131568059578,Capital Intensive,109.51717734447539
BOSCHLTD,Mar 2020,463.0,2.0553846153846154,High Quality,8.870148343832554,Capital Intensive,31.22049898853675
BOSCHLTD,Mar 2021,372.0,1.7323651452282158,High Quality,4.764354805515538,Moderate,31.986242476354253
BOSCHLTD,Mar 2022,238.0,0.22267871815940837,Accrual Risk,0.28008827024274313,Asset Light,16.27906976744186
BOSCHLTD,Mar 2023,1476.0,0.8525280898876404,Moderate,1.7549735414294325,Asset Light,81.54696132596685
BOSCHLTD,Mar 2024,1536.0,0.5032128514056224,Moderate,1.6918754110121361,Asset Light,73.31742243436754
BOSCHLTD,TTM,,,Accrual Risk,,Capital Intensive,
BPCL,Mar 2013,2322.0,3.0609504132231407,High Quality,1.4881431656488329,Asset Light,34.61022507080042
BPCL,Mar 2014,2707.0,2.3656550703182826,High Quality,2.602289530710496,Asset Light,28.755045676651797
BPCL,Mar 2015,10206.0,4.0814639905549,High Quality,4.342987163950238,Moderate,104.3558282208589
BPCL,Mar 2016,1886.0,1.3745827667202373,High Quality,4.916007773607007,Moderate,14.540127977796624
BPCL,Mar 2017,-6233.0,0.9509834858525297,Moderate,7.589527505453389,Moderate,-45.22237538997316
BPCL,Mar 2018,4002.0,1.1303104575163399,High Quality,2.9954004959833824,Asset Light,26.12783182085265
BPCL,Mar 2019,-294.0,1.1910178236397748,High Quality,3.5043892886602777,Moderate,-1.9454737956590789
BPCL,Mar 2020,-3254.0,2.1497545008183305,High Quality,3.912893749209339,Moderate,-36.25626740947075
BPCL,Mar 2021,20981.0,1.3542147806004619,High Quality,1.0748530440411694,Asset Light,99.90476643969335
BPCL,Mar 2022,12198.0,1.7407978085944187,High Quality,2.3466583619528762,Asset Light,63.74039818153315
BPCL,Mar 2023,4660.0,5.849835757860159,High Quality,1.6496649316232272,Asset Light,42.75621616662079
BPCL,Mar 2024,25415.0,1.3379500353698945,High Quality,2.3480024906099985,Asset Light,57.65391769883399
BPCL,TTM,,,Accrual Risk,,Capital Intensive,
BRITANNIA,Mar 2013,348.0,1.2307692307692308,High Quality,0.45270816491511723,Asset Light,82.6603325415677
BRITANNIA,Mar 2014,425.0,1.6987341772151898,High Quality,3.558512946622306,Moderate,67.78309409888357
BRITANNIA,Mar 2015,134.0,0.8476052249637155,Moderate,5.726648002036142,Moderate,15.402298850574713
BRITANNIA,Mar 2016,254.0,1.1624242424242424,High Quality,8.395855662736691,Capital Intensive,20.751633986928105
BRITANNIA,Mar 2017,291.0,0.49830508474576274,Accrual Risk,1.656726308813784,Asset Light,22.769953051643192
BRITANNIA,Mar 2018,292.0,1.2440239043824701,High Quality,9.653015937058704,Capital Intensive,19.453697534976683
BRITANNIA,Mar 2019,304.0,1.000865800865801,High Quality,7.706919945725915,Moderate,17.551963048498845
BRITANNIA,Mar 2020,-41.0,1.0652797704447632,High Quality,13.155172413793103,Capital Intensive,-2.224633749321758
BRITANNIA,Mar 2021,2309.0,1.0135062128579146,High Quality,3.296285018270402,Moderate,92.02869669190913
BRITANNIA,Mar 2022,2214.0,0.8575197889182058,Moderate,6.46576117713639,Moderate,100.59064061790095
BRITANNIA,Mar 2023,1019.0,1.0906735751295338,High Quality,9.24483160542298,Capital Intensive,35.99434828682445
BRITANNIA,Mar 2024,3050.0,1.2057169634489222,High Quality,2.844534557815016,Asset Light,96.30565203662772
BRITANNIA,TTM,,,Accrual Risk,,Capital Intensive,
CANBK,Mar 2013,7575.0,2.674457429048414,High Quality,1.2767830936307603,Asset Light,104.96050990716364
CANBK,Mar 2014,13864.0,5.330838323353293,High Quality,0.960323477381855,Asset Light,143.87712743877128
CANBK,Mar 2015,5240.0,2.1644489935175706,High Quality,2.5198000593431176,Asset Light,50.863909920403806
CANBK,Mar 2016,8903.0,-3.686785009861933,Accrual Risk,1.0059265650900338,Asset Light,50.059038515603035
CANBK,Mar 2017,2099.0,1.824946846208363,High Quality,1.1481776298333213,Asset Light,13.377095150086035
CANBK,Mar 2018,-11607.0,2.871159308029951,High Quality,1.1778933365582296,Asset Light,-45.37174575873661
CANBK,Mar 2019,17492.0,26.20258620689655,High Quality,1.5536693708160414,Asset Light,64.30409528711124
CANBK,Mar 2020,-5734.0,2.7532535137948986,High Quality,0.8943105769810487,Asset Light,-21.388339736655603
CANBK,Mar 2021,58002.0,19.99256002705445,High Quality,1.5885442614550267,Asset Light,133.53132122384142
CANBK,Mar 2022,-510.0,0.14923676518350112,Accrual Risk,2.0236780241878383,Asset Light,-1.2368133866860678
CANBK,Mar 2023,-41134.0,-3.523843102688409,Accrual Risk,1.3459859113931418,Asset Light,-96.17039184513233
CANBK,Mar 2024,13296.0,0.9769495487306019,Moderate,1.583438141857961,Asset Light,28.81289819269276
CANBK,TTM,,,Accrual Risk,,Capital Intensive,
CHOLAFIN,Mar 2013,-3749.0,-12.188311688311689,Accrual Risk,0.19455252918287938,Asset Light,-544.9127906976744
CHOLAFIN,Mar 2014,-2530.0,-6.649456521739131,Accrual Risk,2.531259530344617,Asset Light,-271.45922746781116
CHOLAFIN,Mar 2015,-2304.0,-5.099099099099099,Accrual Risk,1.0767160161507403,Asset Light,-217.15362865221488
CHOLAFIN,Mar 2016,-2946.0,-4.885217391304348,Accrual Risk,3.251067869008068,Moderate,-232.70142180094786
CHOLAFIN,Mar 2017,-1690.0,-2.0445682451253484,Accrual Risk,4.729441840647635,Moderate,-127.83661119515885
CHOLAFIN,Mar 2018,-7986.0,-8.633986928104575,Accrual Risk,1.0793308148947653,Asset Light,-550.3790489317712
CHOLAFIN,Mar 2019,-9328.0,-7.783625730994152,Accrual Risk,0.15475520540236354,Asset Light,-571.5686274509804
CHOLAFIN,Mar 2020,-2129.0,-1.9686907020872866,Accrual Risk,0.6198347107438017,Asset Light,-87.938868236266
CHOLAFIN,Mar 2021,-10594.0,-5.817225509533202,Accrual Risk,18.21976416571011,Capital Intensive,-363.68005492619295
CHOLAFIN,Mar 2022,-3931.0,-2.586350974930362,Accrual Risk,16.160819865983445,Capital Intensive,-134.34723171565278
CHOLAFIN,Mar 2023,-29253.0,-10.170731707317072,Accrual Risk,16.671841043154302,Capital Intensive,-807.870753935377
CHOLAFIN,Mar 2024,-38538.0,-10.433625730994152,Accrual Risk,14.898502322183374,Capital Intensive,-715.6545961002786
CHOLAFIN,TTM,,,Accrual Risk,,Capital Intensive,
CIPLA,Mar 2013,-665.0,0.9048543689320389,Moderate,24.918468414059667,Capital Intensive,-10.964550700741963
CIPLA,Mar 2014,298.0,1.1132478632478633,High Quality,12.434876634227859,Capital Intensive,3.712932967854473
CIPLA,Mar 2015,223.0,0.9544344995931652,Moderate,8.373732921992067,Capital Intensive,2.428400304911249
CIPLA,Mar 2016,-2792.0,1.2588575560375994,High Quality,32.871646120377086,Capital Intensive,-24.68611847922193
CIPLA,Mar 2017,1078.0,2.301449275362319,High Quality,9.059330276504099,Capital Intensive,9.060346276685157
CIPLA,Mar 2018,629.0,1.0324629498941424,High Quality,5.5027711797308,Moderate,5.1017925216968125
CIPLA,Mar 2019,3.0,1.133378016085791,High Quality,10.316587214276982,Capital Intensive,0.022615906520919715
CIPLA,Mar 2020,3182.0,2.0453333333333332,High Quality,0.6654214335745973,Asset Light,22.84934654602901
CIPLA,Mar 2021,1381.0,1.571787358727501,High Quality,12.390396659707724,Capital Intensive,9.264104112162071
CIPLA,Mar 2022,1468.0,1.3058500196309384,High Quality,8.537425906354823,Capital Intensive,8.529428853640114
CIPLA,Mar 2023,862.0,1.1429579950582422,High Quality,10.442579000571353,Capital Intensive,4.862913234796344
CIPLA,Mar 2024,1152.0,0.9951853635050554,Moderate,11.569799022270505,Capital Intensive,5.912847097469589
CIPLA,TTM,,,Accrual Risk,,Capital Intensive,
COALINDIA,Mar 2013,7276.0,0.5248329108089421,Moderate,2.683630294423378,Asset Light,14.489405767086188
COALINDIA,Mar 2014,23105.0,0.9611566966649021,Moderate,12.151597552685248,Capital Intensive,43.724688694598996
COALINDIA,Mar 2015,15276.0,1.0477161797916514,High Quality,1.2061521856449002,Asset Light,26.90526093312433
COALINDIA,Mar 2016,21308.0,0.9219878040232705,Moderate,10.472508701403784,Capital Intensive,36.02549579860348
COALINDIA,Mar 2017,16916.0,1.7738146551724139,High Quality,0.5821094109820377,Asset Light,25.741067624322845
COALINDIA,Mar 2018,13368.0,3.000142085819835,High Quality,9.088029656046173,Capital Intensive,17.59966296276792
COALINDIA,Mar 2019,8460.0,0.9365551992670637,Moderate,7.928825336894745,Moderate,11.343675833679722
COALINDIA,Mar 2020,6010.0,0.2980239520958084,Accrual Risk,1.0751457119067445,Asset Light,8.067114093959733
COALINDIA,Mar 2021,10774.0,0.8338844276491891,Moderate,0.20216381934107922,Asset Light,15.090058545057284
COALINDIA,Mar 2022,15392.0,2.365462078490045,High Quality,23.43799845053092,Capital Intensive,18.109300547091006
COALINDIA,Mar 2023,12269.0,1.1264382309365444,High Quality,16.972629690709716,Capital Intensive,13.049351201871943
COALINDIA,Mar 2024,13617.0,0.48443897348069254,Accrual Risk,3.151963126387679,Moderate,14.432126505002543
COALINDIA,TTM,,,Accrual Risk,,Capital Intensive,
DABUR,Mar 2013,248.0,1.1357702349869452,High Quality,10.13029315960912,Capital Intensive,25.0
DABUR,Mar 2014,994.0,1.1986899563318778,High Quality,1.4735052422782657,Asset Light,85.54216867469879
DABUR,Mar 2015,171.0,0.9803370786516854,Moderate,11.237973059653624,Capital Intensive,12.954545454545455
DABUR,Mar 2016,457.0,0.9465709728867624,Moderate,9.383033419023135,Capital Intensive,30.10540184453228
DABUR,Mar 2017,420.0,0.95859375,Moderate,10.598896769109535,Capital Intensive,27.77777777777778
DABUR,Mar 2018,551.0,0.8041237113402062,Moderate,7.005957005957006,Moderate,34.07544836116265
DABUR,Mar 2019,1837.0,1.0366528354080222,High Quality,3.969465648854962,Moderate,105.57471264367817
DABUR,Mar 2020,1097.0,1.1146408839779005,High Quality,5.952792170408751,Moderate,61.21651785714286
DABUR,Mar 2021,711.0,1.247787610619469,High Quality,14.683120686048944,Capital Intensive,35.514485514485514
DABUR,Mar 2022,529.0,1.034443168771527,High Quality,11.690697033703739,Capital Intensive,23.490230905861456
DABUR,Mar 2023,905.0,0.8747795414462081,Moderate,5.056374674761492,Moderate,41.859389454209065
DABUR,Mar 2024,1042.0,1.1115405853119824,High Quality,7.828119961302805,Moderate,43.416666666666664
DABUR,TTM,,,Accrual Risk,,Capital Intensive,
DIVISLAB,Mar 2013,225.0,0.7973421926910299,Moderate,11.888111888111888,Capital Intensive,27.573529411764707
DIVISLAB,Mar 2014,252.0,0.720569210866753,Moderate,12.045813586097946,Capital Intensive,24.75442043222004
DIVISLAB,Mar 2015,305.0,0.9694835680751174,Moderate,16.725521669341894,Capital Intensive,26.001705029838025
DIVISLAB,Mar 2016,632.0,0.9218472468916519,Moderate,10.752118644067798,Capital Intensive,44.41321152494729
DIVISLAB,Mar 2017,10.0,1.0849056603773586,High Quality,28.051181102362204,Capital Intensive,0.6896551724137931
DIVISLAB,Mar 2018,298.0,0.8848346636259977,Moderate,12.284759701876125,Capital Intensive,23.483057525610718
DIVISLAB,Mar 2019,269.0,0.70509977827051,Moderate,13.849575414476345,Capital Intensive,14.354322305229456
DIVISLAB,Mar 2020,1133.0,0.8830791575889615,Moderate,1.538746755654431,Asset Light,62.048192771084345
DIVISLAB,Mar 2021,2022.0,0.9813508064516129,Moderate,1.076194575979337,Asset Light,70.52668294384374
DIVISLAB,Mar 2022,-283.0,0.6459459459459459,Moderate,24.497767857142858,Capital Intensive,-7.284427284427284
DIVISLAB,Mar 2023,-248.0,1.3481359649122806,High Quality,34.852581434273205,Capital Intensive,-10.464135021097047
DIVISLAB,Mar 2024,992.0,0.788125,Moderate,3.4289356277884,Moderate,44.8868778280543
DIVISLAB,TTM,,,Accrual Risk,,Capital Intensive,
DLF,Mar 2013,4004.0,3.0119940029985006,High Quality,25.6657661134697,Capital Intensive,152.06988226357768
DLF,Mar 2014,5392.0,2.488135593220339,High Quality,47.288503253796094,Capital Intensive,216.2855996791015
DLF,Mar 2015,2135.0,4.017751479289941,High Quality,1.2812132304876453,Asset Light,70.836098208361
DLF,Mar 2016,2139.0,9.695081967213115,High Quality,8.240983276244208,Capital Intensive,53.933434190620275
DLF,Mar 2017,-26.0,-1.268361581920904,Accrual Risk,10.60698211896363,Capital Intensive,-0.7544979686593152
DLF,Mar 2018,-1832.0,0.060308242126423946,Accrual Risk,31.34039063664828,Capital Intensive,-77.03952901597981
DLF,Mar 2019,2046.0,1.5547945205479452,High Quality,0.03585943103036098,Asset Light,95.25139664804469
DLF,Mar 2020,6864.0,-0.6033898305084746,Accrual Risk,106.98668420187407,Capital Intensive,598.9528795811518
DLF,Mar 2021,1610.0,1.348107109879963,High Quality,2.7705947543405984,Asset Light,109.59836623553439
DLF,Mar 2022,3099.0,1.888,High Quality,4.67028161623229,Moderate,177.79690189328744
DLF,Mar 2023,1914.0,1.1676499508357916,High Quality,8.094820017559263,Capital Intensive,110.89223638470452
DLF,Mar 2024,1010.0,0.9320851688693098,Moderate,23.79025984129454,Capital Intensive,47.55178907721281
DLF,TTM,,,Accrual Risk,,Capital Intensive,
DMART,Mar 2013,-104.0,1.351063829787234,High Quality,6.914097575576175,Moderate,-48.372093023255815
DMART,Mar 2014,-72.0,1.2298136645962734,High Quality,5.761843790012804,Moderate,-21.114369501466275
DMART,Mar 2015,-252.0,1.0471698113207548,High Quality,7.361391520422426,Moderate,-55.26315789473685
DMART,Mar 2016,-200.0,1.353125,High Quality,7.374184529356944,Moderate,-30.120481927710845
DMART,Mar 2017,-2027.0,0.9498956158663883,Moderate,20.860648848545974,Capital Intensive,-209.18472652218782
DMART,Mar 2018,1194.0,0.9057071960297767,Moderate,3.086542938867824,Moderate,88.24833702882484
DMART,Mar 2019,-151.0,0.8946784922394678,Moderate,4.788802799300175,Moderate,-9.246785058175137
DMART,Mar 2020,-3377.0,0.9838585703305149,Moderate,18.725371934057097,Capital Intensive,-158.6936090225564
DMART,Mar 2021,265.0,1.2511373976342128,High Quality,4.59760593132585,Moderate,15.18624641833811
DMART,Mar 2022,83.0,0.9195710455764075,Moderate,4.161286157024794,Moderate,3.317346123101519
DMART,Mar 2023,317.0,1.1059714045416316,High Quality,5.399159663865547,Moderate,8.711184391316296
DMART,Mar 2024,278.0,1.082807570977918,High Quality,4.8593199314812265,Moderate,6.770579639551875
DMART,TTM,,,Accrual Risk,,Capital Intensive,
DRREDDY,Mar 2013,-59.0,0.9024230517354289,Moderate,12.144004056452294,Capital Intensive,-2.210565754964406
DRREDDY,Mar 2014,366.0,1.0035659704533877,High Quality,11.956764815505032,Capital Intensive,11.258074438634265
DRREDDY,Mar 2015,154.0,1.0804794520547945,High Quality,15.775810424016509,Capital Intensive,4.389965792474344
DRREDDY,Mar 2016,1653.0,1.5312060065696855,High Quality,10.341726618705035,Capital Intensive,46.10878661087866
DRREDDY,Mar 2017,254.0,1.6594427244582044,High Quality,13.313609467455622,Capital Intensive,10.275080906148867
DRREDDY,Mar 2018,320.0,1.903907074973601,High Quality,10.384426860864085,Capital Intensive,13.611229264142919
DRREDDY,Mar 2019,2101.0,1.471794871794872,High Quality,4.9779906784049714,Moderate,66.11076148521082
DRREDDY,Mar 2020,2489.0,1.472852912142152,High Quality,2.825826340126734,Asset Light,100.48445700444087
DRREDDY,Mar 2021,1315.0,1.8288934426229508,High Quality,11.838513229735405,Capital Intensive,33.9442436757873
DRREDDY,Mar 2022,246.0,1.2882676443629697,High Quality,11.90531445811093,Capital Intensive,6.528662420382165
DRREDDY,Mar 2023,1779.0,1.3064122476148214,High Quality,16.65585731657884,Capital Intensive,27.496136012364758
DRREDDY,Mar 2024,509.0,0.8144496235209753,Moderate,14.401485130841454,Capital Intensive,6.416235976301525
DRREDDY,TTM,,,Accrual Risk,,Capital Intensive,
EICHERMOT,Dec 2012,-277.0,1.0442105263157895,High Quality,12.097026604068857,Capital Intensive,-50.36363636363637
EICHERMOT,Dec 2013,-74.0,1.3638095238095238,High Quality,11.600587371512482,Capital Intensive,-10.34965034965035
EICHERMOT,Dec 2014,-167.0,1.4914529914529915,High Quality,13.893339436942092,Capital Intensive,-14.937388193202148
EICHERMOT,Mar 2016,462.0,1.093423019431988,High Quality,16.215778389761866,Capital Intensive,27.337278106508876
EICHERMOT,Mar 2017,-36.0,1.0245950809838031,High Quality,24.797383762263614,Capital Intensive,-1.6559337626494939
EICHERMOT,Mar 2018,337.0,1.2663265306122449,High Quality,23.92638036809816,Capital Intensive,11.997152011391954
EICHERMOT,Mar 2019,915.0,0.7149341806627326,Moderate,6.7367561498417885,Moderate,31.508264462809915
EICHERMOT,Mar 2020,186.0,0.9272030651340997,Moderate,16.473672711383003,Capital Intensive,8.520384791571232
EICHERMOT,Mar 2021,66.0,1.2553823311061618,High Quality,18.63532110091743,Capital Intensive,3.701626472237801
EICHERMOT,Mar 2022,544.0,0.9105545617173524,Moderate,9.545542823849292,Capital Intensive,24.97704315886134
EICHERMOT,Mar 2023,426.0,0.9687714481811942,Moderate,16.597424179476526,Capital Intensive,12.362159024956473
EICHERMOT,Mar 2024,890.0,0.9307673081729567,Moderate,17.138364779874212,Capital Intensive,20.559020559020556
EICHERMOT,TTM,,,Accrual Risk,,Capital Intensive,
GAIL,Mar 2013,-2023.0,1.5120219830547286,High Quality,16.9223525718994,Capital Intensive,-27.238454288407166
GAIL,Mar 2014,149.0,0.9642707898035938,Moderate,7.230632235084594,Moderate,1.8652979469203805
GAIL,Mar 2015,1405.0,1.3335443037974684,High Quality,4.638604950707598,Moderate,24.951163203693838
GAIL,Mar 2016,3056.0,2.113127001067236,High Quality,1.7366914490999559,Asset Light,67.3721340388007
GAIL,Mar 2017,5690.0,1.7854179016004743,High Quality,0.6879222277146152,Asset Light,94.50257432320213
GAIL,Mar 2018,6109.0,1.8249739854318419,High Quality,4.881092190252496,Moderate,78.30043578569598
GAIL,Mar 2019,2283.0,1.2183732641538227,High Quality,7.4826092663079145,Moderate,22.97242906017307
GAIL,Mar 2020,46.0,0.8770362585391487,Moderate,11.444055269036653,Capital Intensive,0.509864774994458
GAIL,Mar 2021,4353.0,1.463942699007,High Quality,8.087568848915847,Capital Intensive,60.082815734989644
GAIL,Mar 2022,3930.0,0.7656046814044213,Moderate,5.917861377600517,Moderate,25.921772970120706
GAIL,Mar 2023,-4248.0,0.5727305218012866,Moderate,5.116429140236703,Moderate,-56.64
GAIL,Mar 2024,4360.0,1.270928001615672,High Quality,6.174377758429158,Moderate,30.459689814167945
GAIL,TTM,,,Accrual Risk,,Capital Intensive,
GODREJCP,Mar 2013,-45.0,0.9704142011834319,Moderate,13.490330630068623,Capital Intensive,-4.522613065326634
GODREJCP,Mar 2014,622.0,1.3626373626373627,High Quality,6.500855375707331,Moderate,53.207869974337044
GODREJCP,Mar 2015,-209.0,1.0522540983606556,High Quality,14.940166807687657,Capital Intensive,-15.155910079767947
GODREJCP,Mar 2016,225.0,1.0192539109506618,High Quality,7.383665716999051,Moderate,13.578756789378394
GODREJCP,Mar 2017,-383.0,1.4220183486238531,High Quality,24.201553733275787,Capital Intensive,-20.08390141583639
GODREJCP,Mar 2018,1387.0,1.0544675642594858,High Quality,3.4122067634812634,Moderate,66.55470249520154
GODREJCP,Mar 2019,2003.0,0.7382578992314262,Moderate,2.6565832848555364,Asset Light,93.94934333958724
GODREJCP,Mar 2020,1036.0,1.0607882431529727,High Quality,5.569569165573605,Moderate,48.09656453110492
GODREJCP,Mar 2021,1738.0,1.179546775130738,High Quality,2.64756550911234,Asset Light,72.4468528553564
GODREJCP,Mar 2022,607.0,0.8137969713965227,Moderate,6.875203649397197,Moderate,25.197177251971777
GODREJCP,Mar 2023,397.0,1.263807285546416,High Quality,13.172123760889157,Capital Intensive,16.250511665984448
GODREJCP,Mar 2024,-1365.0,-3.6898395721925135,Accrual Risk,24.36861520998865,Capital Intensive,-46.16165032127156
GODREJCP,TTM,,,Accrual Risk,,Capital Intensive,
GRASIM,Mar 2013,-1445.0,1.1228163049232398,High Quality,20.376939338564622,Capital Intensive,-24.392302498311953
GRASIM,Mar 2014,1213.0,1.2014218009478672,High Quality,8.245384914051746,Capital Intensive,24.679552390640897
GRASIM,Mar 2015,2235.0,1.7792408985282726,High Quality,7.433667359929413,Moderate,43.44867807153966
GRASIM,Mar 2016,1353.0,1.6984081041968162,High Quality,13.091889697567199,Capital Intensive,22.889527998646592
GRASIM,Mar 2017,3779.0,1.7164390014130946,High Quality,9.728845514029057,Capital Intensive,51.157438743739
GRASIM,Mar 2018,-2594.0,-1.1225596529284165,Accrual Risk,2.7659498336136257,Asset Light,-22.338959696865313
GRASIM,Mar 2019,-3871.0,-0.6043715846994535,Accrual Risk,2.865284974093264,Asset Light,-23.263221153846153
GRASIM,Mar 2020,5256.0,2.5033890646181653,High Quality,16.650061536658267,Capital Intensive,50.670008676371346
GRASIM,Mar 2021,7929.0,2.157578359811078,High Quality,9.35291346002827,Capital Intensive,42.54896699758519
GRASIM,Mar 2022,5985.0,0.6280563983580225,Moderate,1.1003019822154418,Asset Light,29.293720326954137
GRASIM,Mar 2023,-26397.0,-1.1450622856111212,Accrual Risk,11.657187550477357,Capital Intensive,-122.2706007689101
GRASIM,Mar 2024,-33833.0,-1.0798911948418295,Accrual Risk,17.647238467528897,Capital Intensive,-124.40889869461299
GRASIM,TTM,,,Accrual Risk,,Capital Intensive,
HAL,Mar 2013,,,Accrual Risk,,Capital Intensive,
HAL,Mar 2014,,,Accrual Risk,,Capital Intensive,
HAL,Mar 2015,,,Accrual Risk,,Capital Intensive,
HAL,Mar 2016,,,Accrual Risk,,Capital Intensive,
HAL,Mar 2017,2598.0,-0.16169724770642202,Accrual Risk,16.83008356545961,Capital Intensive,80.28430160692213
HAL,Mar 2018,-140.0,-0.36940110719677904,Accrual Risk,3.2075166045682812,Moderate,-4.046242774566474
HAL,Mar 2019,-2402.0,-3.279624893435635,Accrual Risk,26.44942023190724,Capital Intensive,-52.571678704311665
HAL,Mar 2020,203.0,0.5408163265306123,Moderate,6.2205642340872,Moderate,4.159836065573771
HAL,Mar 2021,13934.0,4.669342389626428,High Quality,5.200594353640416,Moderate,260.88747425575735
HAL,Mar 2022,-2609.0,2.0015729453401496,High Quality,51.94557270511779,Capital Intensive,-48.13653136531365
HAL,Mar 2023,3102.0,1.5205644467389434,High Quality,21.29382055852644,Capital Intensive,46.51372019793072
HAL,Mar 2024,1814.0,1.0830809743252139,High Quality,21.105296073203647,Capital Intensive,18.607036619140423
HAL,TTM,,,Accrual Risk,,Capital Intensive,
HAVELLS,Mar 2013,494.0,1.0981067125645438,High Quality,2.018220042046251,Asset Light,73.29376854599407
HAVELLS,Mar 2014,492.0,1.946188340807175,High Quality,4.6702273009564035,Moderate,63.32046332046332
HAVELLS,Mar 2015,478.0,2.501298701298701,High Quality,5.727444496929617,Moderate,63.3112582781457
HAVELLS,Mar 2016,392.0,0.3946153846153846,Accrual Risk,1.5933631814590465,Asset Light,49.246231155778894
HAVELLS,Mar 2017,547.0,1.5526315789473684,High Quality,3.588907014681892,Moderate,67.11656441717791
HAVELLS,Mar 2018,154.0,1.6641452344931922,High Quality,11.65598817151306,Capital Intensive,14.908034849951598
HAVELLS,Mar 2019,686.0,0.6357868020304569,Moderate,1.8365928720341504,Asset Light,57.695542472666105
HAVELLS,Mar 2020,279.0,1.125170068027211,High Quality,5.805084745762712,Moderate,26.14807872539831
HAVELLS,Mar 2021,-103.0,0.632183908045977,Moderate,7.296547767045998,Moderate,-6.482064191315293
HAVELLS,Mar 2022,969.0,1.4448160535117056,High Quality,5.445544554455446,Moderate,54.59154929577464
HAVELLS,Mar 2023,596.0,0.5270522388059702,Moderate,0.1833126367453137,Asset Light,36.76742751388032
HAVELLS,Mar 2024,335.0,1.5365853658536586,High Quality,8.703604088219473,Capital Intensive,17.809675704412548
HAVELLS,TTM,,,Accrual Risk,,Capital Intensive,
HCLTECH,Jun 2013,2131.0,1.111881188118812,High Quality,9.229506274187873,Capital Intensive,37.517605633802816
HCLTECH,Jun 2014,1615.0,0.9891237745098039,Moderate,15.063464410154307,Capital Intensive,20.099564405724955
HCLTECH,Jun 2015,3451.0,0.7544265867611005,Moderate,5.689218277431133,Moderate,40.66698090973368
HCLTECH,Mar 2016 9m,,,Accrual Risk,,Capital Intensive,
HCLTECH,Mar 2017,5105.0,1.0452010225424122,High Quality,8.177766565758493,Capital Intensive,49.13378248315688
HCLTECH,Mar 2018,6092.0,0.9548268745700528,Moderate,4.421681267179498,Moderate,54.17037168771118
HCLTECH,Mar 2019,5715.0,0.8864624505928854,Moderate,5.388319790821983,Moderate,41.03834554071521
HCLTECH,Mar 2020,1027.0,1.2081939043140093,High Quality,17.44863885901862,Capital Intensive,5.9309309309309315
HCLTECH,Mar 2021,13953.0,1.756468797564688,High Quality,7.515355735682353,Moderate,69.59796488427773
HCLTECH,Mar 2022,18497.0,1.2497226946683428,High Quality,1.8645433211521172,Asset Light,90.10180719957134
HCLTECH,Mar 2023,14436.0,1.2131357359380264,High Quality,3.5217237028859802,Moderate,63.79706558246421
HCLTECH,Mar 2024,15840.0,1.428898790579249,High Quality,6.012027694631208,Moderate,65.45995536821225
HCLTECH,TTM,,,Accrual Risk,,Capital Intensive,
HDFCBANK,Mar 2013,-6749.0,-0.8470230334637114,Accrual Risk,2.5152672820055213,Asset Light,-53.43203230148048
HDFCBANK,Mar 2014,3112.0,0.4802691605839416,Accrual Risk,2.5825402420397134,Asset Light,23.038199585430856
HDFCBANK,Mar 2015,-22081.0,-1.9883210314864992,Accrual Risk,1.5789681443176884,Asset Light,-136.60603810937886
HDFCBANK,Mar 2016,-35272.0,-2.6858279385383357,Accrual Risk,1.3251638643488173,Asset Light,-175.87634006482173
HDFCBANK,Mar 2017,16136.0,1.128288829405236,High Quality,1.5640567209400718,Asset Light,67.63916834339369
HDFCBANK,Mar 2018,16372.0,0.9274284790690157,Moderate,0.9872432229621987,Asset Light,55.43816876608425
HDFCBANK,Mar 2019,-64375.0,-2.801033591731266,Accrual Risk,1.4292370745808807,Asset Light,-184.68843240761993
HDFCBANK,Mar 2020,-18272.0,-0.6180026377491208,Accrual Risk,1.1482211983075399,Asset Light,-40.194460942827604
HDFCBANK,Mar 2021,40653.0,1.3333333333333333,High Quality,1.4181031800360944,Asset Light,77.4977600701527
HDFCBANK,Mar 2022,-14011.0,-0.3134911273623234,Accrual Risk,1.5087982580037664,Asset Light,-24.773237618685574
HDFCBANK,Mar 2023,17822.0,0.45101735682246635,Accrual Risk,1.7522283518980521,Asset Light,28.270042194092827
HDFCBANK,Mar 2024,35669.0,0.2913699844146319,Accrual Risk,5.852303374945795,Moderate,20.47635996234127
HDFCBANK,TTM,,,Accrual Risk,,Capital Intensive,
HDFCLIFE,Mar 2013,,,Accrual Risk,,Capital Intensive,
HDFCLIFE,Mar 2014,,,Accrual Risk,,Capital Intensive,
HDFCLIFE,Mar 2015,945.0,5.673027989821883,High Quality,12.911997060444607,Capital Intensive,3.587563114536274
HDFCLIFE,Mar 2016,1725.0,6.960832313341493,High Quality,21.840030869301582,Capital Intensive,10.036655611799617
HDFCLIFE,Mar 2017,1053.0,7.023675310033822,High Quality,16.892354879759846,Capital Intensive,3.5485610298577877
HDFCLIFE,Mar 2018,2318.0,6.087624209575429,High Quality,13.7042777433354,Capital Intensive,7.432822420316809
HDFCLIFE,Mar 2019,-314.0,7.721439749608764,High Quality,26.205121605970916,Capital Intensive,-0.8342189160467587
HDFCLIFE,Mar 2020,-401.0,5.696222050886662,High Quality,26.511232130701156,Capital Intensive,-1.4200219554516802
HDFCLIFE,Mar 2021,751.0,7.129316678912565,High Quality,12.515378592998546,Capital Intensive,1.0683699889037472
HDFCLIFE,Mar 2022,5142.0,4.47852298417483,High Quality,1.1932783124273754,Asset Light,7.750045216133117
HDFCLIFE,Mar 2023,-3188.0,5.031432748538012,High Quality,14.344723460623584,Capital Intensive,-4.546037902662313
HDFCLIFE,Mar 2024,-2893.0,6.81130876747141,High Quality,13.41518692970182,Capital Intensive,-2.865746748422502
HDFCLIFE,TTM,,,Accrual Risk,,Capital Intensive,
HEROMOTOCO,Mar 2014,1347.0,1.4096098953377736,High Quality,6.393669634025717,Moderate,6.201086456127428
HEROMOTOCO,Mar 2015,2217.0,0.9247038917089678,Moderate,0.11257171907909072,Asset Light,9.2305770671996
HEROMOTOCO,Mar 2016,1422.0,1.1960154241645244,High Quality,8.082369891415118,Capital Intensive,5.916864311571588
HEROMOTOCO,Mar 2017,2035.0,1.1300056401579244,High Quality,6.892694861936385,Moderate,8.470343392299688
HEROMOTOCO,Mar 2018,2159.0,1.0792584631918323,High Quality,5.724320660545936,Moderate,7.959740451260876
HEROMOTOCO,Mar 2019,2330.0,0.2977495672244662,Accrual Risk,3.820906066939448,Moderate,8.049471429558489
HEROMOTOCO,Mar 2020,2699.0,1.508062312107133,High Quality,9.636289054488275,Capital Intensive,10.717121982210928
HEROMOTOCO,Mar 2021,1821.0,1.3998637602179838,High Quality,7.393649665686876,Moderate,6.769013456248605
HEROMOTOCO,Mar 2022,1882.0,0.9033920137398025,Moderate,0.7512436127373016,Asset Light,7.157254230842365
HEROMOTOCO,Mar 2023,2193.0,0.9335714285714286,Moderate,1.2325077580654604,Asset Light,7.295409181636726
HEROMOTOCO,Mar 2024,3095.0,1.3156066274719402,High Quality,4.8373865410569215,Moderate,9.507280211341156
HEROMOTOCO,TTM,,,Accrual Risk,,Capital Intensive,
HINDALCO,Mar 2013,-10824.0,0.9900232790156301,Moderate,17.20973152270148,Capital Intensive,-14.930890832344746
HINDALCO,Mar 2014,-139.0,3.624601366742597,High Quality,9.230856947374424,Capital Intensive,-0.17446749758381344
HINDALCO,Mar 2015,3270.0,27.57915057915058,High Quality,3.714003509747701,Moderate,3.4263440803881093
HINDALCO,Mar 2016,8468.0,-16.64957264957265,Accrual Risk,3.2604623376097366,Moderate,9.307437816687
HINDALCO,Mar 2017,9811.0,6.741232731137088,High Quality,2.8707178791024517,Asset Light,11.165739128455506
HINDALCO,Mar 2018,16231.0,1.7915502219299688,High Quality,4.630023527777537,Moderate,15.99302380577014
HINDALCO,Mar 2019,6521.0,2.1796178343949046,High Quality,4.1794977861531155,Moderate,5.668906642557224
HINDALCO,Mar 2020,5518.0,3.383328908946111,High Quality,6.117111321776815,Moderate,5.314046880718042
HINDALCO,Mar 2021,-8048.0,4.9474590869939705,High Quality,19.150354523968243,Capital Intensive,-7.031953097012643
HINDALCO,Mar 2022,10065.0,1.226365622723962,High Quality,3.472282745220677,Moderate,6.037357838667883
HINDALCO,Mar 2023,11649.0,1.9023472318510448,High Quality,3.3866183994767076,Moderate,5.808932062073643
HINDALCO,Mar 2024,9789.0,2.368882323978336,High Quality,6.6062548040859035,Moderate,5.096048727159144
HINDALCO,TTM,,,Accrual Risk,,Capital Intensive,
HINDUNILVR,Mar 2013,3668.0,0.9390466267257098,Moderate,0.23329877055251075,Asset Light,16.099016853932586
HINDUNILVR,Mar 2014,3343.0,0.9651162790697675,Moderate,1.6248204145857565,Asset Light,13.658835546475995
HINDUNILVR,Mar 2015,3430.0,0.7522851919561243,Moderate,0.4316276742149381,Asset Light,12.914156626506024
HINDUNILVR,Mar 2016,3889.0,1.0048181161165983,High Quality,0.8761573354874791,Asset Light,14.800578474653674
HINDUNILVR,Mar 2017,4012.0,1.1547884187082404,High Quality,3.537181110910078,Moderate,14.951181337109636
HINDUNILVR,Mar 2018,4996.0,1.1591735220968051,High Quality,2.990575327050218,Asset Light,17.813591956072166
HINDUNILVR,Mar 2019,5362.0,0.9570957095709571,Moderate,1.1142203001780717,Asset Light,17.620768977982255
HINDUNILVR,Mar 2020,9414.0,1.1283303730017762,High Quality,4.501922931905588,Moderate,31.461800681772612
HINDUNILVR,Mar 2021,7935.0,1.1455181897737217,High Quality,2.6112103427745175,Asset Light,22.413987910287556
HINDUNILVR,Mar 2022,7320.0,1.0175438596491229,High Quality,3.2948175265987873,Moderate,18.489984591679505
HINDUNILVR,Mar 2023,8507.0,0.9850142955733018,Moderate,2.449653350940905,Asset Light,18.321021687162148
HINDUNILVR,Mar 2024,10145.0,1.504473837774752,High Quality,8.601525138942742,Capital Intensive,21.476808434066516
HINDUNILVR,TTM,,,Accrual Risk,,Capital Intensive,
ICICIBANK,Mar 2013,-1069.0,1.726949654491609,High Quality,41.35680071293305,Capital Intensive,-3.3739426840045446
ICICIBANK,Mar 2014,-8985.0,0.5793440095915047,Moderate,31.831686169890254,Capital Intensive,-27.34993303299647
ICICIBANK,Mar 2015,-25448.0,-0.9483078349559574,Accrual Risk,23.970235062950294,Capital Intensive,-65.64515296909663
ICICIBANK,Mar 2016,11585.0,2.16390592111284,High Quality,20.33932607009141,Capital Intensive,22.171400137793768
ICICIBANK,Mar 2017,50925.0,4.641622574955909,High Quality,2.807679684936003,Asset Light,79.76848733572469
ICICIBANK,Mar 2018,-31168.0,2.13,High Quality,81.32138605578972,Capital Intensive,-42.80965854462544
ICICIBANK,Mar 2019,18389.0,8.555282123396028,High Quality,42.06885054596982,Capital Intensive,21.95046254849299
ICICIBANK,Mar 2020,37470.0,7.088195991091314,High Quality,49.61926540619548,Capital Intensive,43.895924368271224
ICICIBANK,Mar 2021,74384.0,6.777401296405421,High Quality,71.36480378632393,Capital Intensive,81.46403968940629
ICICIBANK,Mar 2022,18663.0,2.18972793729746,High Quality,41.347070969635354,Capital Intensive,23.0983440184163
ICICIBANK,Mar 2023,-71460.0,-0.10634217873156425,Accrual Risk,55.910363682919375,Capital Intensive,-81.33023763998908
ICICIBANK,Mar 2024,12547.0,3.4132071786636575,High Quality,90.7350986734873,Capital Intensive,12.602450783447166
ICICIBANK,TTM,,,Accrual Risk,,Capital Intensive,
ICICIGI,Mar 2013,22.0,2.7875354107648724,High Quality,23.978065802592223,Capital Intensive,0.5249343832020997
ICICIGI,Mar 2014,-111.0,1.1442307692307692,High Quality,16.222426470588236,Capital Intensive,-2.4246395806028835
ICICIGI,Mar 2015,73.0,-0.1675213675213675,Accrual Risk,4.03873405762872,Moderate,1.6382405745062838
ICICIGI,Mar 2016,201.0,1.0078895463510849,High Quality,5.1384054367644625,Moderate,3.814765610172708
ICICIGI,Mar 2017,-362.0,2.319088319088319,High Quality,26.46276595744681,Capital Intensive,-5.484017573094985
ICICIGI,Mar 2018,494.0,2.7726218097447797,High Quality,27.430555555555557,Capital Intensive,6.885977139671034
ICICIGI,Mar 2019,120.0,2.8369876072449953,High Quality,25.584520290244555,Capital Intensive,1.2639561828523278
ICICIGI,Mar 2020,51.0,2.875209380234506,High Quality,29.365286098810454,Capital Intensive,0.5233453052847614
ICICIGI,Mar 2021,407.0,1.2043448744059742,High Quality,11.240851903626346,Capital Intensive,4.033696729435085
ICICIGI,Mar 2022,944.0,0.6365066876475216,Moderate,0.8423811306626731,Asset Light,6.289140572951365
ICICIGI,Mar 2023,605.0,1.324465008675535,High Quality,9.426046095323338,Capital Intensive,3.6419455815073443
ICICIGI,Mar 2024,486.0,1.2542991141219386,High Quality,9.37667789329819,Capital Intensive,2.7135678391959797
ICICIGI,TTM,,,Accrual Risk,,Capital Intensive,
ICICIPRULI,Mar 2013,-1077.0,-1.7432343234323433,Accrual Risk,7.810237203495631,Moderate,-5.586099585062241
ICICIPRULI,Mar 2014,3630.0,-1.5259449071108264,Accrual Risk,27.467105263157894,Capital Intensive,17.808084772370485
ICICIPRULI,Mar 2015,-1299.0,0.31890243902439025,Accrual Risk,5.288363858009462,Moderate,-3.9606073541069575
ICICIPRULI,Mar 2016,3661.0,2.2024242424242426,High Quality,0.12950261403424623,Asset Light,19.26031144781145
ICICIPRULI,Mar 2017,3434.0,2.455410225921522,High Quality,1.8404907975460123,Asset Light,9.536239933351846
ICICIPRULI,Mar 2018,301.0,3.5145151327980235,High Quality,13.877729707457767,Capital Intensive,0.8121526091414387
ICICIPRULI,Mar 2019,3818.0,9.988586479367866,High Quality,18.230711718881896,Capital Intensive,9.329944772982747
ICICIPRULI,Mar 2020,-2201.0,8.056232427366448,High Quality,51.353151010701545,Capital Intensive,-10.31203148425787
ICICIPRULI,Mar 2021,2230.0,7.650627615062762,High Quality,6.111899208963478,Moderate,2.668357823194371
ICICIPRULI,Mar 2022,1015.0,2.412384716732543,High Quality,1.283745516329998,Asset Light,1.5442429406037002
ICICIPRULI,Mar 2023,-1056.0,0.10947109471094711,Accrual Risk,2.2683149094655097,Asset Light,-2.0216330046903415
ICICIPRULI,Mar 2024,105.0,-8.595769682726205,Accrual Risk,8.216417331989769,Capital Intensive,0.11396196926282887
ICICIPRULI,TTM,,,Accrual Risk,,Capital Intensive,
INDUSINDBK,Mar 2013,-660.0,-0.4580584354382658,Accrual Risk,2.491765716740656,Asset Light,-33.89830508474576
INDUSINDBK,Mar 2014,-4280.0,-2.9161931818181817,Accrual Risk,2.1080688151199416,Asset Light,-167.51467710371818
INDUSINDBK,Mar 2015,-1697.0,-0.7920847268673356,Accrual Risk,2.8477094510936856,Asset Light,-54.165336737950845
INDUSINDBK,Mar 2016,-3185.0,-1.2804024496937882,Accrual Risk,2.1731805929919137,Asset Light,-76.05062082139446
INDUSINDBK,Mar 2017,11284.0,4.033821478382148,High Quality,1.9783423573511039,Asset Light,198.52216748768473
INDUSINDBK,Mar 2018,-20917.0,-5.740432612312812,Accrual Risk,1.2557143683814593,Asset Light,-319.09992372234933
INDUSINDBK,Mar 2019,-7022.0,-1.9354740987579522,Accrual Risk,2.843538026144378,Asset Light,-75.6436496822148
INDUSINDBK,Mar 2020,-11513.0,-2.724988682661838,Accrual Risk,1.827467602404197,Asset Light,-91.2933153596067
INDUSINDBK,Mar 2021,44420.0,15.7425952045134,High Quality,0.7793103448275862,Asset Light,277.6770644495843
INDUSINDBK,Mar 2022,16249.0,3.600086749078291,High Quality,1.138796963208098,Asset Light,102.5820707070707
INDUSINDBK,Mar 2023,-12879.0,-1.683085250338295,Accrual Risk,1.2126044874615045,Asset Light,-82.95652173913044
INDUSINDBK,Mar 2024,-17468.0,-1.8818994413407821,Accrual Risk,1.3661799422925593,Asset Light,-99.03617190157614
INDUSINDBK,TTM,,,Accrual Risk,,Capital Intensive,
INFY,Mar 2013,4451.0,0.781949305334606,Moderate,7.241276764472642,Moderate,38.57687640838967
INFY,Mar 2014,7262.0,0.9220157657657657,Moderate,5.11240101330461,Moderate,54.23450336071696
INFY,Mar 2015,9352.0,0.6751535725832525,Moderate,1.8736285376694986,Asset Light,62.83679365719277
INFY,Mar 2016,9143.0,0.7434205649047372,Moderate,1.4173379670408865,Asset Light,53.533579249370575
INFY,Mar 2017,-3133.0,0.8033860516965095,Moderate,21.4123006833713,Capital Intensive,-16.84046441625457
INFY,Mar 2018,17751.0,0.8246303574770728,Moderate,6.427781401548454,Moderate,94.30985017532674
INFY,Mar 2019,14209.0,0.9630759247242051,Moderate,0.764439068642274,Asset Light,70.44620723847298
INFY,Mar 2020,16672.0,1.0218763146823728,High Quality,0.3645735810818253,Asset Light,74.87313064175686
INFY,Mar 2021,15851.0,1.195695824537919,High Quality,7.338362926984633,Moderate,56.83602854171895
INFY,Mar 2022,17400.0,1.0785243384809897,High Quality,5.331261663419406,Moderate,55.25388206154139
INFY,Mar 2023,21396.0,0.9319313091090095,Moderate,0.7297280723868445,Asset Light,60.90520922288643
INFY,Mar 2024,20117.0,0.9604541298384639,Moderate,3.314244810307802,Moderate,55.22855181880576
INFY,TTM,,,Accrual Risk,,Capital Intensive,
IOC,Mar 2013,46.0,2.5751309622277363,High Quality,2.0126467148858764,Asset Light,0.3318663877065147
IOC,Mar 2014,5601.0,3.4728003444811253,High Quality,3.807554085738566,Moderate,32.52235512716293
IOC,Mar 2015,35877.0,9.460591133004925,High Quality,2.272489638648564,Asset Light,339.26241134751774
IOC,Mar 2016,12014.0,2.0642874405864817,High Quality,3.9330144923348116,Moderate,54.51492875941556
IOC,Mar 2017,10532.0,1.3841550159430953,High Quality,4.9760959426415186,Moderate,30.841313069196758
IOC,Mar 2018,11996.0,1.286793953858393,High Quality,4.061524299393582,Moderate,28.796389649047
IOC,Mar 2019,-9822.0,0.7379298367488711,Moderate,4.273153109486176,Moderate,-27.85434745618513
IOC,Mar 2020,-21955.0,-3.8091684434968016,Accrual Risk,6.01554893615262,Moderate,-136.76571357378685
IOC,Mar 2021,26715.0,2.2814998621450235,High Quality,6.301689792553922,Moderate,66.90625860903103
IOC,Mar 2022,4453.0,1.00077739339993,High Quality,3.61331091204963,Moderate,9.324092298672474
IOC,Mar 2023,1614.0,2.5328092959671906,High Quality,3.3299435941056554,Moderate,5.260241827722192
IOC,Mar 2024,39635.0,1.6472973286068442,High Quality,4.052800791393595,Moderate,52.39536789783994
IOC,TTM,,,Accrual Risk,,Capital Intensive,
IRCTC,Mar 2015,23.0,0.5267175572519084,Moderate,4.343720491029273,Moderate,15.131578947368421
IRCTC,Mar 2016,295.0,1.5238095238095237,High Quality,0.5120702267739575,Asset Light,155.26315789473685
IRCTC,Mar 2017,432.0,1.4759825327510918,High Quality,6.184210526315789,Moderate,137.5796178343949
IRCTC,Mar 2018,64.0,0.1085972850678733,Accrual Risk,2.728512960436562,Asset Light,23.357664233576642
IRCTC,Mar 2019,146.0,1.6148867313915858,High Quality,18.877005347593585,Capital Intensive,38.1201044386423
IRCTC,Mar 2020,417.0,0.797270955165692,Moderate,0.35335689045936397,Asset Light,59.31721194879089
IRCTC,Mar 2021,-205.0,1.3262032085561497,High Quality,58.301158301158296,Capital Intensive,-109.04255319148936
IRCTC,Mar 2022,282.0,0.793939393939394,Moderate,12.879191059073975,Capital Intensive,32.265446224256294
IRCTC,Mar 2023,495.0,0.8071570576540755,Moderate,8.952273369104773,Capital Intensive,38.793103448275865
IRCTC,Mar 2024,667.0,0.7938793879387939,Moderate,5.035128805620609,Moderate,45.49795361527968
IRCTC,TTM,,,Accrual Risk,,Capital Intensive,
IRFC,Mar 2013,,,Accrual Risk,,Capital Intensive,
IRFC,Mar 2014,,,Accrual Risk,,Capital Intensive,
IRFC,Mar 2015,,,Accrual Risk,,Capital Intensive,
IRFC,Mar 2016,-16376.0,-19.290930506478208,Accrual Risk,0.026641800985746637,Asset Light,-219.2822710230316
IRFC,Mar 2017,-19453.0,-20.829764453961456,Accrual Risk,0.02210677572676025,Asset Light,-215.64128145438423
IRFC,Mar 2018,-28074.0,-13.662287104622871,Accrual Risk,0.021581957483543756,Asset Light,-304.19330371654564
IRFC,Mar 2019,-41747.0,-18.51352549889135,Accrual Risk,0.008981498113885397,Asset Light,-376.60802886783944
IRFC,Mar 2020,-62700.0,-19.64317042606516,Accrual Risk,0.0074510096118024,Asset Light,-469.48708348932985
IRFC,Mar 2021,-89907.0,-20.359375,Accrual Risk,0.0,Asset Light,-574.2287794596666
IRFC,Mar 2022,-64417.0,-10.576683087027915,Accrual Risk,0.02463175525887975,Asset Light,-319.2595529563364
IRFC,Mar 2023,-28588.0,-4.635641316685585,Accrual Risk,0.0,Asset Light,-121.19721892487705
IRFC,Mar 2024,7906.0,1.2342482844666252,High Quality,0.030024394820791892,Asset Light,29.819333911665975
IRFC,TTM,,,Accrual Risk,,Capital Intensive,
ITC,Mar 2013,3221.0,0.921858774662513,Moderate,12.27465367828452,Capital Intensive,28.705106496747167
ITC,Mar 2014,4090.0,0.8159093434062882,Moderate,9.21656375686852,Capital Intensive,31.269113149847094
ITC,Mar 2015,4568.0,1.0065446364658963,High Quality,13.589406703248578,Capital Intensive,32.05164187482459
ITC,Mar 2016,5878.0,1.0313651194611093,High Quality,10.004592774035517,Capital Intensive,40.451448627073155
ITC,Mar 2017,7376.0,1.0143170754987114,High Quality,7.6014777403666285,Moderate,47.67937944408533
ITC,Mar 2018,6055.0,1.1458278952405812,High Quality,16.37321917650579,Capital Intensive,36.65032383027661
ITC,Mar 2019,7037.0,0.9802898099096292,Moderate,11.472900289615225,Capital Intensive,37.9619140098182
ITC,Mar 2020,8516.0,0.942089399089335,Moderate,12.50101239167409,Capital Intensive,44.02398676592225
ITC,Mar 2021,18267.0,0.9360382574908466,Moderate,11.653166047465335,Capital Intensive,107.04365660709054
ITC,Mar 2022,13538.0,1.017609494936464,High Quality,3.6903289636408605,Moderate,65.64515346942734
ITC,Mar 2023,13146.0,0.9692457770703907,Moderate,8.082460271577434,Capital Intensive,51.143790849673195
ITC,Mar 2024,18742.0,0.8278637174112091,Moderate,2.205571077808822,Asset Light,71.44436396904662
ITC,TTM,,,Accrual Risk,,Capital Intensive,
JINDALSTEL,Mar 2013,-6069.0,1.193089430894309,High Quality,48.422274953299336,Capital Intensive,-99.3940386505077
JINDALSTEL,Mar 2014,-8114.0,2.4156118143459917,High Quality,65.81976563310174,Capital Intensive,-139.920675978617
JINDALSTEL,Mar 2015,-5535.0,-0.8140495867768595,Accrual Risk,34.62192670480903,Capital Intensive,-101.29941434846266
JINDALSTEL,Mar 2016,2071.0,-1.4036281179138321,Accrual Risk,11.618470388823257,Capital Intensive,60.256037241780625
JINDALSTEL,Mar 2017,4852.0,-2.6989755713159966,Accrual Risk,9.248715456186641,Capital Intensive,103.03673816096837
JINDALSTEL,Mar 2018,6293.0,-4.77970297029703,Accrual Risk,4.299104728714775,Moderate,97.27933219972175
JINDALSTEL,Mar 2019,8195.0,-3.7425373134328357,Accrual Risk,1.7714942724524123,Asset Light,97.42035187826914
JINDALSTEL,Mar 2020,7338.0,-22.035,Accrual Risk,3.892097144213275,Moderate,107.42204655248133
JINDALSTEL,Mar 2021,10077.0,2.8031403796578394,High Quality,5.4483935336475895,Moderate,92.17049300283546
JINDALSTEL,Mar 2022,13717.0,2.371859296482412,High Quality,4.555759684165266,Moderate,88.41121495327103
JINDALSTEL,Mar 2023,3257.0,1.8487669854051334,High Quality,7.686236187326168,Moderate,32.76000804667069
JINDALSTEL,Mar 2024,-2336.0,1.010937237085647,High Quality,16.570679588513325,Capital Intensive,-22.897471084101156
JINDALSTEL,TTM,,,Accrual Risk,,Capital Intensive,
JIOFIN,Mar 2023,945.0,66.29032258064517,High Quality,2466.666666666667,Capital Intensive,2423.076923076923
JIOFIN,Mar 2024,763.0,-0.4224299065420561,Accrual Risk,77.68194070080862,Capital Intensive,48.94162924951892
JIOFIN,TTM,,,Accrual Risk,,Capital Intensive,
JSWENERGY,Mar 2013,781.0,1.9145394006659266,High Quality,10.642615558060879,Capital Intensive,27.882898964655478
JSWENERGY,Mar 2014,1906.0,2.985526315789474,High Quality,4.197502312673451,Moderate,58.556067588325654
JSWENERGY,Mar 2015,2972.0,2.499263622974963,High Quality,4.51481758853108,Moderate,82.00883002207505
JSWENERGY,Mar 2016,266.0,2.4232876712328766,High Quality,33.30618892508143,Capital Intensive,6.602134524695955
JSWENERGY,Mar 2017,3091.0,6.184590690208668,High Quality,9.221832264310784,Capital Intensive,92.99037304452466
JSWENERGY,Mar 2018,3719.0,46.28235294117647,High Quality,2.67113927195925,Asset Light,137.08072244747513
JSWENERGY,Mar 2019,2436.0,3.641812865497076,High Quality,0.6018822499452834,Asset Light,85.32399299474605
JSWENERGY,Mar 2020,2383.0,1.9259944495837187,High Quality,3.6383415931342924,Moderate,80.58843422387555
JSWENERGY,Mar 2021,2670.0,4.495747266099635,High Quality,14.88009245882693,Capital Intensive,91.65808444902163
JSWENERGY,Mar 2022,1565.0,1.693631669535284,High Quality,16.982980286518917,Capital Intensive,43.81298992161254
JSWENERGY,Mar 2023,-4694.0,1.4081081081081082,High Quality,65.60201316298877,Capital Intensive,-143.02254722730044
JSWENERGY,Mar 2024,-1963.0,3.6139130434782607,High Quality,71.36514017064252,Capital Intensive,-36.473429951690825
JSWENERGY,TTM,,,Accrual Risk,,Capital Intensive,
JSWSTEEL,Mar 2013,411.0,6.290635091496233,High Quality,14.218790892436534,Capital Intensive,6.311425061425062
JSWSTEEL,Mar 2014,-3024.0,6.45273631840796,High Quality,10.96837172979305,Capital Intensive,-32.98069582288145
JSWSTEEL,Mar 2015,504.0,4.5737514518002325,High Quality,13.916786226685796,Capital Intensive,5.3823152498932085
JSWSTEEL,Mar 2016,3040.0,-14.338877338877339,Accrual Risk,9.283685553362538,Capital Intensive,47.337278106508876
JSWSTEEL,Mar 2017,2794.0,2.275165849437554,High Quality,9.161211423638587,Capital Intensive,22.700682482937925
JSWSTEEL,Mar 2018,7850.0,2.0250286275151317,High Quality,6.296136682746445,Moderate,52.62805041566103
JSWSTEEL,Mar 2019,3246.0,1.944843168527379,High Quality,13.434878535106245,Capital Intensive,17.147385103011093
JSWSTEEL,Mar 2020,-6804.0,3.262311814238326,High Quality,26.714944221694896,Capital Intensive,-57.597562007957336
JSWSTEEL,Mar 2021,11087.0,2.3865108599009273,High Quality,9.646914415260714,Capital Intensive,54.94598077113688
JSWSTEEL,Mar 2022,11522.0,1.2546566052153978,High Quality,10.07576637448675,Capital Intensive,29.457483254077825
JSWSTEEL,Mar 2023,12593.0,5.634935974873158,High Quality,6.465413352615087,Moderate,68.18083378451543
JSWSTEEL,Mar 2024,-2389.0,1.3460381143430291,High Quality,8.266573717472543,Capital Intensive,-8.48456866853713
JSWSTEEL,TTM,,,Accrual Risk,,Capital Intensive,
KOTAKBANK,Mar 2013,-6157.0,1.285969615728329,High Quality,83.36408931537184,Capital Intensive,-93.2454944722096
KOTAKBANK,Mar 2014,7938.0,3.588444796201029,High Quality,9.427665609878192,Capital Intensive,112.54785197788175
KOTAKBANK,Mar 2015,-2165.0,0.7413848631239935,Moderate,33.5385539454914,Capital Intensive,-22.278246552788637
KOTAKBANK,Mar 2016,2672.0,1.4259364358683315,High Quality,11.533183021272423,Capital Intensive,23.15223984056841
KOTAKBANK,Mar 2017,7933.0,2.634389320581789,High Quality,23.691990682673357,Capital Intensive,53.485706580366774
KOTAKBANK,Mar 2018,-15867.0,-1.660594439117929,Accrual Risk,21.78584218694043,Capital Intensive,-94.41832787860756
KOTAKBANK,Mar 2019,-1501.0,0.2529150471960022,Accrual Risk,11.139418725486909,Capital Intensive,-7.596922765462091
KOTAKBANK,Mar 2020,33551.0,5.425229838240428,High Quality,39.03925434665711,Capital Intensive,148.60040747630435
KOTAKBANK,Mar 2021,-6291.0,0.4885885885885886,Accrual Risk,34.040219378427786,Capital Intensive,-21.102240708439552
KOTAKBANK,Mar 2022,-2595.0,0.6872363305484325,Moderate,32.31380219910495,Capital Intensive,-8.453044073096844
KOTAKBANK,Mar 2023,-11623.0,-0.08321608040201005,Accrual Risk,24.62812270171526,Capital Intensive,-34.71106465581604
KOTAKBANK,Mar 2024,6766.0,0.8611980453522209,Moderate,15.859665344879707,Capital Intensive,14.379835076086033
KOTAKBANK,TTM,,,Accrual Risk,,Capital Intensive,
LICI,Mar 2019,22910.0,5.052912066996574,High Quality,1.6860656368764744,Asset Light,386.9932432432432
LICI,Mar 2020,13952.0,20.06162361623616,High Quality,6.435068936362638,Moderate,-200.83489275946454
LICI,Mar 2021,229049.0,27.10221923335575,High Quality,21.485597339176802,Capital Intensive,-90892.46031746031
LICI,Mar 2022,8748.0,-0.9170909090909091,Accrual Risk,1.731743517881278,Asset Light,263.0186410102225
LICI,Mar 2023,1671.0,1.5145428785732145,High Quality,6.735421116758515,Moderate,4.884965065629842
LICI,Mar 2024,853.0,0.6384299540522045,Moderate,2.986999477520373,Asset Light,2.6022758473412853
LICI,TTM,,,Accrual Risk,,Capital Intensive,
LODHA,Mar 2011,,,Accrual Risk,,Capital Intensive,
LODHA,Mar 2012,,,Accrual Risk,,Capital Intensive,
LODHA,Mar 2015,,,Accrual Risk,,Capital Intensive,
LODHA,Mar 2016,-467.0,0.55049786628734,Moderate,10.35277003273124,Capital Intensive,-21.966133584195674
LODHA,Mar 2017,295.0,2.5154109589041096,High Quality,14.812011102699973,Capital Intensive,18.277571251548945
LODHA,Mar 2018,45.0,0.8765743073047859,Moderate,6.727291515965692,Moderate,2.67538644470868
LODHA,Mar 2019,-638.0,-0.2816301703163017,Accrual Risk,1.4697236919459142,Asset Light,-20.069204152249135
LODHA,Mar 2020,3954.0,5.083557951482479,High Quality,1.4626697741702162,Asset Light,206.25978090766824
LODHA,Mar 2021,2944.0,52.583333333333336,High Quality,7.707836300238576,Moderate,212.8705712219812
LODHA,Mar 2022,3137.0,1.653973509933775,High Quality,12.336185421856385,Capital Intensive,143.50411710887465
LODHA,Mar 2023,4539.0,5.612244897959184,High Quality,18.891235480464623,Capital Intensive,219.9127906976744
LODHA,Mar 2024,-435.0,1.6164736164736164,High Quality,28.567274137262505,Capital Intensive,-16.322701688555348
LODHA,TTM,,,Accrual Risk,,Capital Intensive,
LT,Mar 2013,-11277.0,-0.8230958230958231,Accrual Risk,9.30051326149464,Capital Intensive,-98.97314375987362
LT,Mar 2014,-12653.0,-1.462231320368475,Accrual Risk,6.478237355092059,Moderate,-89.82677836149368
LT,Mar 2015,-6143.0,-0.27486910994764396,Accrual Risk,5.197489366793938,Moderate,-39.16730425911757
LT,Mar 2016,-7867.0,-0.705574912891986,Accrual Risk,4.575661082652637,Moderate,-50.800723233888675
LT,Mar 2017,-3141.0,1.0260561208757324,High Quality,8.96150468384075,Capital Intensive,-18.898916967509024
LT,Mar 2018,-6117.0,-1.253248375812094,Accrual Risk,3.2703057242883284,Moderate,-30.41619014469693
LT,Mar 2019,-15779.0,-0.46549867867280026,Accrual Risk,8.151900606419169,Capital Intensive,-69.0063850258025
LT,Mar 2020,-1714.0,0.6144666789058197,Moderate,5.780601160520309,Moderate,-6.980817008104916
LT,Mar 2021,17324.0,1.7857750948069036,High Quality,4.22859412115106,Moderate,73.84484228473998
LT,Mar 2022,15579.0,1.8393319896343219,High Quality,2.2904274825742235,Asset Light,64.07419593649749
LT,Mar 2023,14729.0,1.8176522224882292,High Quality,4.389634615279725,Moderate,54.21850842965471
LT,Mar 2024,20445.0,1.1748890461182222,High Quality,0.9854689683555468,Asset Light,68.45806127574083
LT,TTM,,,Accrual Risk,,Capital Intensive,
LTIM,Mar 2013,384.0,1.0818505338078293,High Quality,5.816670994546871,Moderate,44.13793103448276
LTIM,Mar 2014,808.0,0.6305220883534136,Moderate,3.6585365853658534,Moderate,70.44463818657367
LTIM,Mar 2015,539.0,0.834850455136541,Moderate,2.06910405785456,Asset Light,53.6318407960199
LTIM,Mar 2016,818.0,1.0263157894736843,High Quality,0.6842285323297981,Asset Light,79.57198443579766
LTIM,Mar 2017,209.0,1.2049433573635426,High Quality,14.782341178280264,Capital Intensive,16.991869918699187
LTIM,Mar 2018,392.0,0.7589928057553957,Moderate,6.186695866411169,Moderate,33.02443133951137
LTIM,Mar 2019,646.0,0.9201846965699209,Moderate,7.929282235867034,Moderate,34.30695698353691
LTIM,Mar 2020,1001.0,1.081578947368421,High Quality,5.910469712289732,Moderate,49.33464760965993
LTIM,Mar 2021,743.0,1.238390092879257,High Quality,13.39531123686338,Capital Intensive,27.26605504587156
LTIM,Mar 2022,1608.0,0.8230379746835443,Moderate,6.29284920908499,Moderate,30.634406553629262
LTIM,Mar 2023,2824.0,0.7018140589569161,Moderate,0.8166832414187988,Asset Light,46.234446627373934
LTIM,Mar 2024,1752.0,1.2366412213740459,High Quality,11.031337106174508,Capital Intensive,27.430718647252235
LTIM,TTM,,,Accrual Risk,,Capital Intensive,
M&M,Mar 2013,-3825.0,-0.223298619520465,Accrual Risk,4.226049233546359,Moderate,-41.95919262834577
M&M,Mar 2014,-4768.0,-0.0473418703919286,Accrual Risk,6.113430899582438,Moderate,-46.88298918387414
M&M,Mar 2015,-3302.0,0.3120378586217096,Accrual Risk,6.098141305564886,Moderate,-37.55259865802343
M&M,Mar 2016,-3121.0,0.6710748452447945,Moderate,7.259925370182355,Moderate,-30.956159492164254
M&M,Mar 2017,-5692.0,0.04517403110343125,Accrual Risk,7.012999415086006,Moderate,-53.02282254308337
M&M,Mar 2018,-4785.0,0.0856999246041719,Accrual Risk,5.936325927856321,Moderate,-36.178738847724176
M&M,Mar 2019,-11521.0,-0.7224530496925378,Accrual Risk,6.850583932544571,Moderate,-75.76116262247649
M&M,Mar 2020,-8327.0,4.538940809968848,High Quality,9.113581491602769,Capital Intensive,-81.9747981886198
M&M,Mar 2021,-1777.0,11.84457671957672,High Quality,26.503136864212824,Capital Intensive,-15.469661356315836
M&M,Mar 2022,5996.0,1.2750585964428511,High Quality,3.60648101939648,Moderate,40.83634134713615
M&M,Mar 2023,-15940.0,-0.6219447863548444,Accrual Risk,7.311019304191508,Moderate,-78.58023169829924
M&M,Mar 2024,-11245.0,-0.4588427057864711,Accrual Risk,4.0373028084959515,Moderate,-45.17515667684396
M&M,TTM,,,Accrual Risk,,Capital Intensive,
MARUTI,Mar 2013,940.0,1.6433198380566802,High Quality,7.039996388587938,Moderate,21.554689291446916
MARUTI,Mar 2014,-2.0,1.750175192711983,High Quality,11.218625117866283,Capital Intensive,-0.03766478342749529
MARUTI,Mar 2015,1958.0,1.693095300603833,High Quality,8.84037715792996,Capital Intensive,28.40975043528729
MARUTI,Mar 2016,1252.0,1.543023467345825,High Quality,12.554480890447827,Capital Intensive,13.874113475177305
MARUTI,Mar 2017,1109.0,1.3689255758221275,High Quality,13.472864801351253,Capital Intensive,10.641972939257268
MARUTI,Mar 2018,3486.0,1.4957492703971578,High Quality,10.402335576188149,Capital Intensive,28.767123287671232
MARUTI,Mar 2019,3061.0,0.8627630375114365,Moderate,4.113026908955709,Moderate,27.68632416787265
MARUTI,Mar 2020,2939.0,0.6157097569566748,Moderate,0.7361882104150145,Asset Light,39.95921142080218
MARUTI,Mar 2021,1565.0,2.017771701982228,High Quality,10.360654805888705,Capital Intensive,28.922565145074845
MARUTI,Mar 2022,1601.0,0.4742268041237113,Accrual Risk,0.27057624816030795,Asset Light,27.833796940194716
MARUTI,Mar 2023,1995.0,1.3086882865440466,High Quality,7.448695211553079,Moderate,15.203475080018288
MARUTI,Mar 2024,4936.0,1.2456257413997627,High Quality,8.363997800617518,Capital Intensive,26.500590572318266
MARUTI,TTM,,,Accrual Risk,,Capital Intensive,
MOTHERSON,Mar 2013,397.0,3.2876106194690267,High Quality,4.304688117637758,Moderate,26.824324324324323
MOTHERSON,Mar 2014,1323.0,2.456700091157703,High Quality,4.511080423489182,Moderate,55.19399249061326
MOTHERSON,Mar 2015,546.0,2.623839009287926,High Quality,8.2051873863997,Capital Intensive,19.198312236286917
MOTHERSON,Mar 2016,282.0,1.23337091319053,High Quality,5.121453138435082,Moderate,7.94813979706877
MOTHERSON,Mar 2017,-2345.0,1.7495395948434622,High Quality,14.501132716632057,Capital Intensive,-56.22152960920642
MOTHERSON,Mar 2018,70.0,1.4442477876106194,High Quality,5.672877111343978,Moderate,1.3650546021840875
MOTHERSON,Mar 2019,994.0,2.0552907530981885,High Quality,5.223304944665712,Moderate,18.586387434554975
MOTHERSON,Mar 2020,4132.0,4.908809891808346,High Quality,3.6555846465444843,Moderate,88.78384185646756
MOTHERSON,Mar 2021,3165.0,3.2192479286169533,High Quality,3.28743245598745,Moderate,72.42562929061785
MOTHERSON,Mar 2022,159.0,2.083756345177665,High Quality,3.6127575500987863,Moderate,3.3729316928298685
MOTHERSON,Mar 2023,2395.0,2.7802395209580837,High Quality,2.8532263796517237,Asset Light,38.31386978083506
MOTHERSON,Mar 2024,925.0,2.5062913907284767,High Quality,6.732055283102987,Moderate,9.922763355503111
MOTHERSON,TTM,,,Accrual Risk,,Capital Intensive,
NAUKRI,Mar 2013,29.0,0.9868421052631579,Moderate,9.745762711864407,Capital Intensive,23.96694214876033
NAUKRI,Mar 2014,-123.0,1.35,High Quality,35.978835978835974,Capital Intensive,-126.8041237113402
NAUKRI,Mar 2015,-1000.0,-3.642857142857143,Accrual Risk,143.5792349726776,Capital Intensive,-4761.904761904762
NAUKRI,Mar 2016,76.0,0.6610169491525424,Moderate,0.267379679144385,Asset Light,83.51648351648352
NAUKRI,Mar 2017,48.0,-4.953488372093023,Accrual Risk,18.58108108108108,Capital Intensive,-533.3333333333333
NAUKRI,Mar 2018,104.0,0.5049900199600799,Moderate,15.08097165991903,Capital Intensive,47.48858447488584
NAUKRI,Mar 2019,217.0,0.46621621621621623,Accrual Risk,5.125977410947002,Moderate,2411.111111111111
NAUKRI,Mar 2020,447.0,-1.4227642276422765,Accrual Risk,7.393292682926829,Moderate,-127.71428571428571
NAUKRI,Mar 2021,-1767.0,0.19464033850493653,Accrual Risk,181.11702127659575,Capital Intensive,-2387.837837837838
NAUKRI,Mar 2022,-470.0,0.05488278217668064,Accrual Risk,74.07174323473883,Capital Intensive,-105.38116591928251
NAUKRI,Mar 2023,154.0,-7.314285714285714,Accrual Risk,15.26001705029838,Capital Intensive,44.252873563218394
NAUKRI,Mar 2024,-150.0,1.1798319327731093,High Quality,33.59621451104101,Capital Intensive,-21.09704641350211
NAUKRI,TTM,,,Accrual Risk,,Capital Intensive,
NESTLEIND,Dec 2013,1355.0,1.6078782452999105,High Quality,4.845621360290078,Moderate,69.55852156057495
NESTLEIND,Dec 2014,1212.0,1.3873417721518988,High Quality,4.383561643835616,Moderate,59.44090240313879
NESTLEIND,Dec 2015,1028.0,1.9502664298401422,High Quality,0.8562691131498471,Asset Light,66.10932475884245
NESTLEIND,Dec 2016,1340.0,1.4645354645354645,High Quality,1.3784049885132919,Asset Light,72.43243243243244
NESTLEIND,Dec 2017,1687.0,1.4840816326530613,High Quality,1.3086913086913086,Asset Light,80.4482594182165
NESTLEIND,Dec 2018,2000.0,1.2769135034225265,High Quality,0.4605030109812256,Asset Light,76.39419404125286
NESTLEIND,Dec 2019,2378.0,1.166158536585366,High Quality,0.6710324197590751,Asset Light,81.27136021872865
NESTLEIND,Dec 2020,2133.0,1.1786743515850144,High Quality,2.404494382022472,Asset Light,66.61461586508433
NESTLEIND,Dec 2021,316.0,1.0557129367327667,High Quality,13.024896547045655,Capital Intensive,8.871420550252667
NESTLEIND,Dec 2022,2345.0,1.1447093266415727,High Quality,2.3199384506125345,Asset Light,63.275769023205605
NESTLEIND,Dec 2023,2465.0,1.1310436812270757,High Quality,4.846805395796299,Moderate,55.13307984790875
NESTLEIND,Mar 2024,2938.0,1.0615306381896772,High Quality,5.070919078461917,Moderate,50.541888869774645
NESTLEIND,TTM,,,Accrual Risk,,Capital Intensive,
NHPC,Mar 2013,1516.0,0.9906021580229725,Moderate,20.84312803635794,Capital Intensive,36.51252408477842
NHPC,Mar 2014,2702.0,2.3417023882424983,High Quality,15.18473406414941,Capital Intensive,62.229387379087974
NHPC,Mar 2015,3293.0,1.4513938527519656,High Quality,9.341929205692738,Capital Intensive,64.14102064666926
NHPC,Mar 2016,5225.0,2.5247357293868924,High Quality,8.929853962173809,Capital Intensive,109.2410620949195
NHPC,Mar 2017,6465.0,2.393390804597701,High Quality,21.616606749391163,Capital Intensive,132.37100737100738
NHPC,Mar 2018,3810.0,1.6861759425493716,High Quality,11.42488716956802,Capital Intensive,89.68926553672316
NHPC,Mar 2019,2642.0,1.3483779971791254,High Quality,13.158187687854836,Capital Intensive,53.04155792009637
NHPC,Mar 2020,6.0,0.8947683109118086,Moderate,29.846123101518785,Capital Intensive,0.11017260374586854
NHPC,Mar 2021,3463.0,1.4083333333333334,High Quality,16.65630182421227,Capital Intensive,65.62440780746637
NHPC,Mar 2022,1506.0,1.2162162162162162,High Quality,33.727034120734906,Capital Intensive,37.52803388985796
NHPC,Mar 2023,514.0,1.1042008918094344,High Quality,39.511643254454604,Capital Intensive,8.311772315653299
NHPC,Mar 2024,970.0,1.7224428997020853,High Quality,61.96013289036545,Capital Intensive,20.17890576242979
NHPC,TTM,,,Accrual Risk,,Capital Intensive,
NTPC,Mar 2013,-337.0,1.3116160813602415,High Quality,23.553511004222713,Capital Intensive,-1.85685161716899
NTPC,Mar 2014,1022.0,1.4497062176620188,High Quality,19.799565938976126,Capital Intensive,5.180716784103006
NTPC,Mar 2015,-1088.0,1.4900920736589272,High Quality,19.981990319796893,Capital Intensive,-6.2701705855232825
NTPC,Mar 2016,4963.0,2.237733048882293,High Quality,26.107689792359256,Capital Intensive,26.72878069797501
NTPC,Mar 2017,-4313.0,1.8823035280940825,High Quality,29.838375466224615,Capital Intensive,-19.96944161496435
NTPC,Mar 2018,-1008.0,1.8729765758903065,High Quality,23.475585527286764,Capital Intensive,-4.482988659106071
NTPC,Mar 2019,-5377.0,1.331480689753456,High Quality,23.99413682730563,Capital Intensive,-23.676794363716425
NTPC,Mar 2020,-5738.0,2.007225676356915,High Quality,27.066432799824604,Capital Intensive,-18.16627619831571
NTPC,Mar 2021,11410.0,2.1674126528158193,High Quality,18.859330589701518,Capital Intensive,33.51545059334978
NTPC,Mar 2022,18897.0,2.463915094339623,High Quality,17.254219146899427,Capital Intensive,46.81878995094396
NTPC,Mar 2023,21007.0,2.7540447403773145,High Quality,14.837662521920242,Capital Intensive,44.136061853937306
NTPC,Mar 2024,8644.0,1.9119163697731107,High Quality,18.00606159069137,Capital Intensive,16.798818407960198
NTPC,TTM,,,Accrual Risk,,Capital Intensive,
ONGC,Mar 2013,-1346.0,1.6618321246978411,High Quality,25.446957724219676,Capital Intensive,-3.0941817429484377
ONGC,Mar 2014,-10363.0,1.9977498593662104,High Quality,36.54527598623945,Capital Intensive,-21.093018522287807
ONGC,Mar 2015,3892.0,1.9177540529853696,High Quality,18.678498412284135,Capital Intensive,9.198336169408206
ONGC,Mar 2016,8036.0,3.533201038009464,High Quality,30.842658582992033,Capital Intensive,20.534048805417147
ONGC,Mar 2017,1965.0,1.5694744420446365,High Quality,15.509405109979966,Capital Intensive,3.72130899174305
ONGC,Mar 2018,-10006.0,2.178609789780574,High Quality,20.69933623793794,Capital Intensive,-17.58863752219234
ONGC,Mar 2019,24326.0,1.8108904472862277,High Quality,8.806899038005426,Capital Intensive,32.513131691147976
ONGC,Mar 2020,17434.0,6.162098463687151,High Quality,13.399356738117804,Capital Intensive,33.459360905863164
ONGC,Mar 2021,8044.0,2.2090355805243447,High Quality,12.8817274369835,Capital Intensive,16.259373799850422
ONGC,Mar 2022,37051.0,1.5873737168823792,High Quality,8.386226045606477,Capital Intensive,46.38680922452863
ONGC,Mar 2023,11372.0,2.625602538287876,High Quality,11.812598945738593,Capital Intensive,15.056867080646654
ONGC,Mar 2024,42060.0,1.7383758603176827,High Quality,9.672537521390066,Capital Intensive,40.90047162930909
ONGC,TTM,,,Accrual Risk,,Capital Intensive,
PFC,Mar 2013,-25080.0,-5.65615141955836,Accrual Risk,0.12706480304955528,Asset Light,-418.9076332052781
PFC,Mar 2014,-22464.0,-4.1144269498352255,Accrual Risk,0.042042322604755454,Asset Light,-295.30695412120417
PFC,Mar 2015,-21946.0,-3.5734510326449036,Accrual Risk,1.964943172722907,Asset Light,-260.3630323881836
PFC,Mar 2016,-15271.0,-2.1503880983182406,Accrual Risk,7.081583575607479,Moderate,-166.67758131412356
PFC,Mar 2017,1128.0,0.802772808586762,Moderate,2.418331460063087,Asset Light,21.38388625592417
PFC,Mar 2018,-55739.0,-6.496305558713198,Accrual Risk,2.897745969068773,Asset Light,-474.2937372362151
PFC,Mar 2019,-93715.0,-6.349050632911393,Accrual Risk,24.88263778508853,Capital Intensive,-526.9920710791206
PFC,Mar 2020,-42221.0,-4.447398965917484,Accrual Risk,0.1173841032980109,Asset Light,-301.3202968883814
PFC,Mar 2021,-57402.0,-3.763234919826928,Accrual Risk,2.4296639499832535,Asset Light,-288.8732323486488
PFC,Mar 2022,4357.0,0.2612958226768968,Accrual Risk,0.717264168262044,Asset Light,18.669123318193503
PFC,Mar 2023,-76411.0,-3.527881391944851,Accrual Risk,2.1806292157973326,Asset Light,-288.3325157541225
PFC,Mar 2024,-101229.0,-3.6967612713049394,Accrual Risk,3.7253573458058313,Moderate,-301.5190778303994
PFC,TTM,,,Accrual Risk,,Capital Intensive,
PIDILITIND,Mar 2013,328.0,1.1132075471698113,High Quality,3.915171288743882,Moderate,58.78136200716846
PIDILITIND,Mar 2014,295.0,0.8755555555555555,Moderate,2.311463927153864,Asset Light,43.898809523809526
PIDILITIND,Mar 2015,116.0,1.0739299610894941,High Quality,9.000825763831543,Capital Intensive,15.045395590142672
PIDILITIND,Mar 2016,416.0,1.123915737298637,High Quality,9.158739041223653,Capital Intensive,35.464620630861035
PIDILITIND,Mar 2017,-85.0,0.9200463499420626,Moderate,15.64892291258679,Capital Intensive,-6.735340729001585
PIDILITIND,Mar 2018,835.0,0.8240165631469979,Moderate,0.6416584402764067,Asset Light,62.26696495152871
PIDILITIND,Mar 2019,332.0,0.9105603448275862,Moderate,7.2478101158519355,Moderate,24.215900802334062
PIDILITIND,Mar 2020,1383.0,1.1408199643493762,High Quality,1.4121195503153277,Asset Light,87.75380710659898
PIDILITIND,Mar 2021,-296.0,1.236234458259325,High Quality,23.14548196901138,Capital Intensive,-17.556346381969156
PIDILITIND,Mar 2022,397.0,0.7912178956089478,Moderate,5.624433020864832,Moderate,21.39008620689655
PIDILITIND,Mar 2023,659.0,1.208688906128782,High Quality,7.6192897703195195,Moderate,33.18227593152064
PIDILITIND,Mar 2024,955.0,1.559244419004007,High Quality,14.285714285714285,Capital Intensive,35.2658788774003
PIDILITIND,TTM,,,Accrual Risk,,Capital Intensive,
PNB,Mar 2013,-1292.0,-0.13784860557768924,Accrual Risk,1.3930486870516126,Asset Light,
PNB,Mar 2014,16604.0,4.601524224278715,High Quality,0.671738066639975,Asset Light,
PNB,Mar 2015,3942.0,1.3656737588652483,High Quality,1.7901868199548348,Asset Light,
PNB,Mar 2016,12815.0,-4.036182336182336,Accrual Risk,2.6612077789150463,Asset Light,
PNB,Mar 2017,22097.0,17.706214689265536,High Quality,0.33085022264763414,Asset Light,
PNB,Mar 2018,-1350.0,0.14383618198332096,Accrual Risk,0.8045151359671626,Asset Light,
PNB,Mar 2019,-34161.0,3.5112041884816754,High Quality,1.2062055343548046,Asset Light,
PNB,Mar 2020,-13131.0,-26.377319587628865,Accrual Risk,0.6154630540077934,Asset Light,
PNB,Mar 2021,30163.0,11.484230055658626,High Quality,0.9605174833709648,Asset Light,
PNB,Mar 2022,18828.0,5.12589559877175,High Quality,1.5791820781196717,Asset Light,
PNB,Mar 2023,21860.0,6.725811253349211,High Quality,0.8428809948759284,Asset Light,
PNB,Mar 2024,-29445.0,-3.0511084416293546,Accrual Risk,1.3808279466373263,Asset Light,
PNB,TTM,,,Accrual Risk,,Capital Intensive,
POWERGRID,Mar 2013,-10394.0,2.7104103872014838,High Quality,168.8250133781821,Capital Intensive,-95.91215280981822
POWERGRID,Mar 2014,-11416.0,3.3471855760773965,High Quality,171.2568306010929,Capital Intensive,-88.03886789542685
POWERGRID,Mar 2015,-8385.0,3.1311930241775663,High Quality,137.884834663626,Capital Intensive,-56.173377101895895
POWERGRID,Mar 2016,-6568.0,2.518543379761705,High Quality,104.47414294015107,Capital Intensive,-36.11966564012318
POWERGRID,Mar 2017,-2261.0,2.895584485303986,High Quality,92.75790948359732,Capital Intensive,-10.071269487750557
POWERGRID,Mar 2018,-2991.0,2.7681618722574353,High Quality,85.80156239567337,Capital Intensive,-11.521127845614576
POWERGRID,Mar 2019,4544.0,2.3192146701215868,High Quality,53.41567072648963,Capital Intensive,16.87964338781575
POWERGRID,Mar 2020,20006.0,2.7795460710733337,High Quality,28.436307757524375,Capital Intensive,60.83439761600681
POWERGRID,Mar 2021,20159.0,2.442921236291127,High Quality,23.319878910191726,Capital Intensive,57.75224889703776
POWERGRID,Mar 2022,26877.0,1.5527817403708988,High Quality,1.8091393974340495,Asset Light,75.02093451683135
POWERGRID,Mar 2023,33065.0,2.6071984435797666,High Quality,15.652479003574326,Capital Intensive,83.54810996563575
POWERGRID,Mar 2024,24176.0,2.394528992486997,High Quality,28.606330301245553,Capital Intensive,60.70406267262592
POWERGRID,TTM,,,Accrual Risk,,Capital Intensive,
RECLTD,Mar 2013,-19907.0,-5.233237672841117,Accrual Risk,1.1148599090509022,Asset Light,-150.01507159005274
RECLTD,Mar 2014,-17108.0,-3.6372073402235814,Accrual Risk,0.7896417581141497,Asset Light,-102.75075075075075
RECLTD,Mar 2015,-23747.0,-4.4719311377245505,Accrual Risk,0.7350077881619937,Asset Light,-122.43877287960814
RECLTD,Mar 2016,-14034.0,-2.3331576172904587,Accrual Risk,3.133678756476684,Moderate,-62.52617509467587
RECLTD,Mar 2017,6704.0,1.0779344210359576,High Quality,0.41498890623715995,Asset Light,29.861915367483295
RECLTD,Mar 2018,-32464.0,-7.303976634464165,Accrual Risk,0.20301880130638186,Asset Light,-168.39047668447535
RECLTD,Mar 2019,-35409.0,-6.247343668350462,Accrual Risk,1.7986460957178843,Asset Light,-149.37354988399073
RECLTD,Mar 2020,-32591.0,-6.579243765084473,Accrual Risk,0.4041146216017634,Asset Light,-125.53830746119179
RECLTD,Mar 2021,-42651.0,-5.1936022917164,Accrual Risk,2.421464128019799,Asset Light,-132.1896792189679
RECLTD,Mar 2022,-1106.0,-0.08160621761658031,Accrual Risk,0.7307261431917711,Asset Light,-3.211568616063651
RECLTD,Mar 2023,-38303.0,-3.3455717739768964,Accrual Risk,2.3881882186091277,Asset Light,-101.79387690018072
RECLTD,Mar 2024,-59554.0,-4.0808059384941675,Accrual Risk,3.8533577456489256,Moderate,-124.37399494601425
RECLTD,TTM,,,Accrual Risk,,Capital Intensive,
RELIANCE,Mar 2013,9317.0,1.7675955185291583,High Quality,6.970706415090527,Moderate,28.101342180666567
RELIANCE,Mar 2014,-29809.0,1.9186180592513749,High Quality,16.855008177227862,Capital Intensive,-85.3270359238586
RELIANCE,Mar 2015,-30332.0,1.4540609137055838,High Quality,17.283878067804213,Capital Intensive,-80.99548719591978
RELIANCE,Mar 2016,1948.0,1.2770503332105423,High Quality,13.275222592751565,Capital Intensive,4.662406356956511
RELIANCE,Mar 2017,-16651.0,1.6609124124291892,High Quality,21.77994038571626,Capital Intensive,-35.95784654587859
RELIANCE,Mar 2018,3267.0,1.980570953436807,High Quality,17.448307801741453,Capital Intensive,5.079685920858275
RELIANCE,Mar 2019,-52161.0,1.0629816502246656,High Quality,16.628690372085575,Capital Intensive,-61.91216617210682
RELIANCE,Mar 2020,22380.0,2.379062186559679,High Quality,12.150084048542013,Capital Intensive,25.071135706764053
RELIANCE,Mar 2021,-115427.0,0.5016468486573996,Moderate,30.53460488476476,Capital Intensive,-142.87288030696868
RELIANCE,Mar 2022,1492.0,1.6309823863217627,High Quality,15.714156156925633,Capital Intensive,1.374089389488032
RELIANCE,Mar 2023,22031.0,1.5526401036605118,High Quality,10.611755416501216,Capital Intensive,15.480121980353855
RELIANCE,Mar 2024,45207.0,2.00946595798532,High Quality,12.633572884885117,Capital Intensive,27.820034708119483
RELIANCE,TTM,,,Accrual Risk,,Capital Intensive,
SBILIFE,Mar 2013,903.0,1.7936507936507937,High Quality,1.5265635507733692,Asset Light,211.47540983606555
SBILIFE,Mar 2014,-542.0,0.22802197802197802,Accrual Risk,4.102445242785954,Moderate,-106.0665362035225
SBILIFE,Mar 2015,2533.0,3.3263803680981594,High Quality,0.7607162699260652,Asset Light,319.0176322418136
SBILIFE,Mar 2016,-1426.0,6.845971563981043,High Quality,37.280066238873935,Capital Intensive,-155.0
SBILIFE,Mar 2017,-507.0,8.926701570680628,High Quality,29.56658373706953,Capital Intensive,-47.47191011235955
SBILIFE,Mar 2018,1485.0,9.039130434782608,High Quality,26.153575202536107,Capital Intensive,111.48648648648648
SBILIFE,Mar 2019,-79.0,10.152976639035419,High Quality,30.382925298179536,Capital Intensive,-5.359565807327002
SBILIFE,Mar 2020,2313.0,13.571729957805907,High Quality,38.78259281245719,Capital Intensive,171.20651369356034
SBILIFE,Mar 2021,4675.0,16.399725274725274,High Quality,23.443165309535726,Capital Intensive,536.1238532110092
SBILIFE,Mar 2022,241.0,14.50996015936255,High Quality,26.04268344118675,Capital Intensive,33.013698630136986
SBILIFE,Mar 2023,-1547.0,16.650784427658337,High Quality,37.455974998759864,Capital Intensive,-1268.032786885246
SBILIFE,Mar 2024,-2099.0,15.375923970432947,High Quality,23.6544231293754,Capital Intensive,-853.2520325203253
SBILIFE,TTM,,,Accrual Risk,,Capital Intensive,
SBIN,Mar 2013,22061.0,1.3113446510374562,High Quality,1.3519788541220175,Asset Light,-430.5425448868072
SBIN,Mar 2014,18351.0,1.2927669345579793,High Quality,0.41838127175212364,Asset Light,-125.5713699192555
SBIN,Mar 2015,22873.0,1.4747083894122925,High Quality,1.6463596411089847,Asset Light,-104.5431692490516
SBIN,Mar 2016,11730.0,1.1119901682156847,High Quality,1.2450540037075142,Asset Light,-36.20482113645483
SBIN,Mar 2017,72834.0,-798.0,Accrual Risk,1.9839702838396682,Asset Light,-113.21229831815214
SBIN,Mar 2018,-83455.0,25.742331288343557,High Quality,5.700746822727868,Moderate,96.26053958037764
SBIN,Mar 2019,29776.0,8.820053715308863,High Quality,0.08684599047852141,Asset Light,-43.37426619470058
SBIN,Mar 2020,23374.0,1.1319299905392621,High Quality,0.2056682922490847,Asset Light,-36.41887786104922
SBIN,Mar 2021,86249.0,3.764191225720027,High Quality,1.3195980080182659,Asset Light,-121.96705083787032
SBIN,Mar 2022,55043.0,1.5516499475566792,High Quality,0.9145679080466111,Asset Light,-86.58644014472236
SBIN,Mar 2023,-86980.0,-1.4894199134199133,Accrual Risk,0.27533526201028946,Asset Light,200.23481203526785
SBIN,Mar 2024,18156.0,0.31105934457817463,Accrual Risk,0.791458802474561,Asset Light,-30.110950793571817
SBIN,TTM,,,Accrual Risk,,Capital Intensive,
SHREECEM,Jun 2013,990.0,1.254980079681275,High Quality,4.983388704318937,Moderate,63.420884048686744
SHREECEM,Jun 2014,167.0,1.7801778907242694,High Quality,21.592300962379703,Capital Intensive,12.014388489208633
SHREECEM,Jun 2015,249.0,2.908450704225352,High Quality,15.817223198594025,Capital Intensive,18.526785714285715
SHREECEM,Mar 2016 9m,,,Accrual Risk,,Capital Intensive,
SHREECEM,Mar 2017,154.0,1.6445108289768484,High Quality,23.830579474051664,Capital Intensive,6.128133704735376
SHREECEM,Mar 2018,-1716.0,1.3576589595375723,High Quality,36.560561374961864,Capital Intensive,-69.38940558026688
SHREECEM,Mar 2019,1360.0,2.0492610837438425,High Quality,5.734767025089606,Moderate,48.62352520557741
SHREECEM,Mar 2020,-1617.0,2.573186528497409,High Quality,43.44109418713087,Capital Intensive,-42.87987271280828
SHREECEM,Mar 2021,1603.0,1.8202824133504494,High Quality,19.55014749262537,Capital Intensive,39.18357369836226
SHREECEM,Mar 2022,525.0,2.102442868400315,High Quality,14.277148567621586,Capital Intensive,14.150943396226415
SHREECEM,Mar 2023,164.0,1.084423807513719,High Quality,13.471879901411606,Capital Intensive,5.540540540540541
SHREECEM,Mar 2024,1929.0,1.93133294864397,High Quality,6.9099946396374445,Moderate,42.69588313413015
SHREECEM,TTM,,,Accrual Risk,,Capital Intensive,
SHRIRAMFIN,Mar 2013,-8400.0,-5.713602187286398,Accrual Risk,0.5849621914681125,Asset Light,-385.497934832492
SHRIRAMFIN,Mar 2014,-4167.0,-2.9860088365243005,Accrual Risk,1.321378008494573,Asset Light,-208.45422711355675
SHRIRAMFIN,Mar 2015,-9656.0,-9.349221789883268,Accrual Risk,0.49035632559660014,Asset Light,-571.0230632761679
SHRIRAMFIN,Mar 2016,-5543.0,-4.6511824324324325,Accrual Risk,0.3475238922675934,Asset Light,-303.89254385964915
SHRIRAMFIN,Mar 2017,-2679.0,-2.1145339652448656,Accrual Risk,0.01834357516279923,Asset Light,-135.8519269776876
SHRIRAMFIN,Mar 2018,-13056.0,-5.155747351902707,Accrual Risk,0.6369426751592357,Asset Light,-343.1274638633377
SHRIRAMFIN,Mar 2019,-5611.0,-2.1486801242236027,Accrual Risk,0.48918640576725025,Asset Light,-147.61904761904762
SHRIRAMFIN,Mar 2020,-2519.0,-0.9808917197452229,Accrual Risk,0.3321055491818127,Asset Light,-70.65918653576438
SHRIRAMFIN,Mar 2021,-4264.0,-1.6962785114045618,Accrual Risk,0.14349672827459534,Asset Light,-125.33803644914757
SHRIRAMFIN,Mar 2022,-8893.0,-3.2557883131201764,Accrual Risk,0.1765775123344586,Asset Light,-242.58046917621385
SHRIRAMFIN,Mar 2023,-12549.0,-2.9277408637873754,Accrual Risk,16.646989374262102,Capital Intensive,-142.618479372656
SHRIRAMFIN,Mar 2024,-31359.0,-4.203405865657522,Accrual Risk,0.7090249532813014,Asset Light,-298.0043713769838
SHRIRAMFIN,TTM,,,Accrual Risk,,Capital Intensive,
SIEMENS,Sep 2011,267.0,0.0034562211981566822,Accrual Risk,2.208281053952321,Asset Light,22.801024765157983
SIEMENS,Sep 2014,738.0,1.0082918739635158,High Quality,1.2174564525191984,Asset Light,620.1680672268908
SIEMENS,Sep 2015,1220.0,0.4889267461669506,Accrual Risk,6.115686831392597,Moderate,122.2444889779559
SIEMENS,Sep 2016,750.0,0.17604667124227866,Accrual Risk,2.1869521085171173,Asset Light,73.45739471106758
SIEMENS,Sep 2017,1894.0,0.503957783641161,Moderate,11.938544961590601,Capital Intensive,179.3560606060606
SIEMENS,Sep 2018,-74.0,0.11098779134295228,Accrual Risk,1.3599062133645956,Asset Light,-5.5764883195177095
SIEMENS,Sep 2019,138.0,1.1583257506824385,High Quality,8.674717211861815,Capital Intensive,9.261744966442953
SIEMENS,Sep 2020,1591.0,0.9362808842652796,Moderate,8.757289362557811,Capital Intensive,158.62412761714856
SIEMENS,Sep 2021,-967.0,1.3057851239669422,High Quality,18.101227458705864,Capital Intensive,-66.59779614325069
SIEMENS,Sep 2022,944.0,0.6338302009073234,Moderate,0.21068286032965672,Asset Light,50.752688172043015
SIEMENS,Sep 2023,641.0,0.7135575942915392,Moderate,3.8815587603559374,Moderate,25.7740249296341
SIEMENS,Sep 2024,1168.0,0.6144223693892568,Moderate,2.2571942446043165,Asset Light,37.628865979381445
SUNPHARMA,Mar 2013,982.0,0.9677140386278467,Moderate,21.336807115263678,Capital Intensive,20.52675585284281
SUNPHARMA,Mar 2014,1783.0,1.0206238721319927,High Quality,13.532338308457712,Capital Intensive,25.46051692131944
SUNPHARMA,Mar 2015,4114.0,1.0255661066471877,High Quality,5.483352803738318,Moderate,52.115530782873066
SUNPHARMA,Mar 2016,2737.0,1.1816896429833863,High Quality,13.862463579878542,Capital Intensive,33.48421825299731
SUNPHARMA,Mar 2017,2896.0,0.9026255416772878,Moderate,13.256064348597125,Capital Intensive,28.66759057612354
SUNPHARMA,Mar 2018,803.0,1.536978756884343,High Quality,11.718071652384008,Capital Intensive,14.260344521399396
SUNPHARMA,Mar 2019,1886.0,0.6845386533665836,Moderate,1.0665382233537466,Asset Light,29.575035283048457
SUNPHARMA,Mar 2020,4330.0,1.571188878235858,High Quality,6.775686704427796,Moderate,62.007733066017465
SUNPHARMA,Mar 2021,6577.0,2.715669014084507,High Quality,1.2149979103230044,Asset Light,77.65053128689492
SUNPHARMA,Mar 2022,3429.0,2.6512245500147538,High Quality,14.37367413463031,Capital Intensive,33.42756872684734
SUNPHARMA,Mar 2023,-2261.0,0.5825208504639963,Moderate,16.451715809141866,Capital Intensive,-19.40772532188841
SUNPHARMA,Mar 2024,11372.0,1.2627471383975026,High Quality,1.5732931933934058,Asset Light,87.35596865878014
SUNPHARMA,TTM,,,Accrual Risk,,Capital Intensive,
TATACONSUM,Mar 2013,197.0,0.3887640449438202,Accrual Risk,0.32648619235478166,Asset Light,25.58441558441558
TATACONSUM,Mar 2014,421.0,0.8274509803921568,Moderate,0.012923235978288964,Asset Light,55.98404255319149
TATACONSUM,Mar 2015,211.0,1.531135531135531,High Quality,2.5897660452896285,Asset Light,26.641414141414145
TATACONSUM,Mar 2016,261.0,-3.135135135135135,Accrual Risk,2.184722012957662,Asset Light,71.31147540983606
TATACONSUM,Mar 2017,886.0,1.6285714285714286,High Quality,2.1386430678466075,Asset Light,112.01011378002528
TATACONSUM,Mar 2018,325.0,0.6402877697841727,Moderate,0.4548789435069699,Asset Light,38.73659117997616
TATACONSUM,Mar 2019,263.0,0.45951859956236324,Accrual Risk,0.7308328736900165,Asset Light,33.460559796437664
TATACONSUM,Mar 2020,460.0,2.3521739130434782,High Quality,6.454290754384144,Moderate,35.60371517027864
TATACONSUM,Mar 2021,1310.0,1.7806451612903227,High Quality,2.9822444406136874,Asset Light,84.84455958549223
TATACONSUM,Mar 2022,199.0,1.4935960591133004,High Quality,10.599597585513077,Capital Intensive,11.57649796393252
TATACONSUM,Mar 2023,627.0,1.106818181818182,High Quality,6.050932307915549,Moderate,33.7823275862069
TATACONSUM,Mar 2024,26.0,1.594238683127572,High Quality,12.567407602262264,Capital Intensive,1.138353765323993
TATACONSUM,TTM,,,Accrual Risk,,Capital Intensive,
TATAMOTORS,Mar 2013,-806.0,2.2216319165998395,High Quality,12.166234976932408,Capital Intensive,-3.276955602536998
TATAMOTORS,Mar 2014,8160.0,2.5730249110320287,High Quality,12.02186965821143,Capital Intensive,23.41261871287981
TATAMOTORS,Mar 2015,-701.0,2.524763731969019,High Quality,13.76810217397087,Capital Intensive,-1.7864879329238768
TATAMOTORS,Mar 2016,1206.0,3.2454187360849462,High Quality,13.438761234370766,Capital Intensive,3.1410339888006256
TATAMOTORS,Mar 2017,-9372.0,3.9961624983459045,High Quality,14.67260922604591,Capital Intensive,-31.673932880462335
TATAMOTORS,Mar 2018,-1282.0,2.6242437575624242,High Quality,8.622534728176985,Capital Intensive,-4.075274969801004
TATAMOTORS,Mar 2019,-1987.0,-0.6576730260409414,Accrual Risk,6.914664600017222,Moderate,-8.056276354200454
TATAMOTORS,Mar 2020,-6482.0,-2.2240501043841334,Accrual Risk,12.684434706666462,Capital Intensive,-36.03713793295157
TATAMOTORS,Mar 2021,3329.0,-2.1650615901455765,Accrual Risk,10.277227326407655,Capital Intensive,10.310651345742869
TATAMOTORS,Mar 2022,9839.0,-1.262976390485454,Accrual Risk,1.5959548076163388,Asset Light,39.801779935275086
TATAMOTORS,Mar 2023,19971.0,13.155390334572491,High Quality,4.45620536062688,Moderate,62.77030424943425
TATAMOTORS,Mar 2024,45133.0,2.135221806520577,High Quality,5.2022250232915,Moderate,75.80536800026874
TATAMOTORS,TTM,,,Accrual Risk,,Capital Intensive,
TATAPOWER,Mar 2013,-740.0,26.715447154471544,High Quality,12.134912740754137,Capital Intensive,-13.226094727435209
TATAPOWER,Mar 2014,2874.0,540.25,High Quality,10.101886581201367,Capital Intensive,41.555812608444185
TATAPOWER,Mar 2015,2116.0,13.087527352297593,High Quality,11.50537314321436,Capital Intensive,33.58197111569592
TATAPOWER,Mar 2016,5610.0,9.43384223918575,High Quality,6.11988879094053,Moderate,266.5083135391924
TATAPOWER,Mar 2017,-359.0,6.376363636363636,High Quality,26.72538784978976,Capital Intensive,-6.559473780376393
TATAPOWER,Mar 2018,4852.0,2.4373803140559174,High Quality,5.6333830104321905,Moderate,211.41612200435728
TATAPOWER,Mar 2019,4302.0,1.7551803530314658,High Quality,0.9102774338208226,Asset Light,140.13029315960912
TATAPOWER,Mar 2020,6882.0,5.604103343465046,High Quality,1.692064799560681,Asset Light,101.13152094048495
TATAPOWER,Mar 2021,9338.0,5.799166087560806,High Quality,3.0364186771855795,Moderate,134.92269903193178
TATAPOWER,Mar 2022,443.0,3.104359925788497,High Quality,14.59734678624813,Capital Intensive,6.300668468212203
TATAPOWER,Mar 2023,-97.0,1.8808398950131233,High Quality,13.179335498738862,Capital Intensive,-1.255175983436853
TATAPOWER,Mar 2024,3569.0,2.9429906542056075,High Quality,14.69023092320461,Capital Intensive,33.24639031206335
TATAPOWER,TTM,,,Accrual Risk,,Capital Intensive,
TATASTEEL,Mar 2013,936.0,-1.930005500550055,Accrual Risk,9.723706870954333,Capital Intensive,23.60655737704918
TATASTEEL,Mar 2014,-2232.0,3.5869031377899043,High Quality,10.34761193427268,Capital Intensive,-13.791398912506178
TATASTEEL,Mar 2015,2859.0,-3.015993907083016,Accrual Risk,6.466481247849525,Moderate,83.86623643297155
TATASTEEL,Mar 2016,2661.0,-23.048289738430583,Accrual Risk,8.624528024322071,Capital Intensive,-425.76
TATASTEEL,Mar 2017,1334.0,-2.5963060686015833,Accrual Risk,8.45065405747157,Capital Intensive,10.149117468046256
TATASTEEL,Mar 2018,-3707.0,0.4521783238460238,Accrual Risk,9.517318598933866,Capital Intensive,-17.29575887649886
TATASTEEL,Mar 2019,-3840.0,2.777461083095812,High Quality,18.504588727016724,Capital Intensive,-13.097755644996248
TATASTEEL,Mar 2020,6157.0,17.179727427597957,High Quality,10.021671184476851,Capital Intensive,35.25740136288152
TATASTEEL,Mar 2021,34890.0,5.412332112332113,High Quality,6.037979704915096,Moderate,114.37844217151849
TATASTEEL,Mar 2022,33476.0,1.063043426189849,High Quality,4.470013403891637,Moderate,52.72641360844228
TATASTEEL,Mar 2023,3504.0,2.6852012383900927,High Quality,7.470218160450045,Moderate,10.84829721362229
TATASTEEL,Mar 2024,6048.0,-4.134623217922607,Accrual Risk,6.219373306395661,Moderate,27.184466019417474
TATASTEEL,TTM,,,Accrual Risk,,Capital Intensive,
TCS,Mar 2013,5577.0,0.8251633986928104,Moderate,9.585800695359508,Capital Intensive,30.914634146341463
TCS,Mar 2014,5299.0,0.7630353817504656,Moderate,11.553741030937918,Capital Intensive,21.06706953444917
TCS,Mar 2015,17562.0,0.9655533399800598,Moderate,1.9091792747865777,Asset Light,71.73433543011191
TCS,Mar 2016,14099.0,0.785150792998603,Moderate,4.6113064447839776,Moderate,45.95951364214232
TCS,Mar 2017,8328.0,0.9569753765603065,Moderate,14.321923266025804,Capital Intensive,25.77450403887221
TCS,Mar 2018,28171.0,0.9685857805255024,Moderate,2.5214452820379516,Asset Light,86.63734776725305
TCS,Mar 2019,30238.0,0.9059311830682466,Moderate,1.1231505567959144,Asset Light,76.54027236369159
TCS,Mar 2020,41337.0,0.9975960797608407,Moderate,5.713958037324226,Moderate,98.1666627086846
TCS,Mar 2021,30846.0,1.191634420490142,High Quality,4.845989389500356,Moderate,66.26992652429854
TCS,Mar 2022,39211.0,1.0390127181461157,High Quality,0.38486811226884443,Asset Light,73.90353770473264
TCS,Mar 2023,42513.0,0.9920100229298159,Moderate,0.24306079181044804,Asset Light,71.74100136688098
TCS,Mar 2024,50429.0,0.9617996051975097,Moderate,2.528508507926756,Asset Light,78.43256190120692
TCS,TTM,,,Accrual Risk,,Capital Intensive,
TECHM,Mar 2013,233.0,0.6541698546289212,Moderate,9.049905427033318,Capital Intensive,16.38537271448664
TECHM,Mar 2014,1887.0,0.5212279555845852,Moderate,1.5477076906712053,Asset Light,45.2301054650048
TECHM,Mar 2015,583.0,0.9206468597216999,Moderate,8.24455152292118,Capital Intensive,13.904125924159313
TECHM,Mar 2016,1684.0,1.0363396101750908,High Quality,5.484260587302785,Moderate,39.53051643192488
TECHM,Mar 2017,1178.0,1.4279200280603297,High Quality,9.927593425071207,Capital Intensive,28.15487571701721
TECHM,Mar 2018,235.0,0.9387216059165346,Moderate,10.785428784973842,Capital Intensive,4.989384288747346
TECHM,Mar 2019,2328.0,1.0333411051527162,High Quality,6.056070462264694,Moderate,37.12326582682188
TECHM,Mar 2020,5439.0,1.1182961252245316,High Quality,2.9320820223500053,Asset Light,98.83699800109031
TECHM,Mar 2021,2661.0,1.859407305306685,High Quality,14.352133139611675,Capital Intensive,39.15538552089464
TECHM,Mar 2022,5765.0,0.9387211367673179,Moderate,1.075124311248488,Asset Light,71.88279301745636
TECHM,Mar 2023,5346.0,1.1472102120650607,High Quality,0.4240945768436855,Asset Light,68.8651294602602
TECHM,Mar 2024,5058.0,2.6599916562369628,High Quality,2.5348103700284637,Asset Light,112.2503328894807
TECHM,TTM,,,Accrual Risk,,Capital Intensive,
TITAN,Mar 2013,411.0,0.7627586206896552,Moderate,1.402746221475847,Asset Light,40.532544378698226
TITAN,Mar 2014,-826.0,-0.7551020408163265,Accrual Risk,2.4800951770842867,Asset Light,-78.89207258834766
TITAN,Mar 2015,385.0,0.616421568627451,Moderate,0.9905145639217662,Asset Light,33.39115351257589
TITAN,Mar 2016,417.0,0.8533333333333334,Moderate,1.4100744945015964,Asset Light,44.40894568690096
TITAN,Mar 2017,759.0,2.456241032998565,High Quality,7.186486690294849,Moderate,65.20618556701031
TITAN,Mar 2018,47.0,-0.04627949183303085,Accrual Risk,0.607940446650124,Asset Light,2.8588807785888077
TITAN,Mar 2019,446.0,0.8948884089272858,Moderate,4.029526265230801,Moderate,22.367101303911735
TITAN,Mar 2020,-113.0,-0.23308774279973207,Accrual Risk,1.116283488504655,Asset Light,-4.587900933820544
TITAN,Mar 2021,1340.0,4.249486652977413,High Quality,12.931990389946405,Capital Intensive,77.68115942028986
TITAN,Mar 2022,441.0,-0.3293903548680619,Accrual Risk,4.04527934997743,Moderate,13.187799043062201
TITAN,Mar 2023,-444.0,0.4184483811850947,Accrual Risk,4.470733210104744,Moderate,-9.094633346988939
TITAN,Mar 2024,1506.0,0.4848398169336384,Accrual Risk,0.36997885835095135,Asset Light,28.458049886621318
TITAN,TTM,,,Accrual Risk,,Capital Intensive,
TORNTPHARM,Mar 2013,-94.0,0.35172413793103446,Accrual Risk,7.7115204495785195,Moderate,-13.486370157819225
TORNTPHARM,Mar 2014,181.0,0.9021084337349398,Moderate,10.019175455417066,Capital Intensive,18.952879581151834
TORNTPHARM,Mar 2015,-1303.0,1.0785619174434087,High Quality,45.57808455565142,Capital Intensive,-127.74509803921568
TORNTPHARM,Mar 2016,1873.0,1.5822273514137335,High Quality,12.995364139374907,Capital Intensive,68.53274789608489
TORNTPHARM,Mar 2017,211.0,1.0802997858672376,High Quality,13.720770288858322,Capital Intensive,15.32316630355846
TORNTPHARM,Mar 2018,-3783.0,1.3185840707964602,High Quality,78.60504201680672,Capital Intensive,-280.4299481097109
TORNTPHARM,Mar 2019,1552.0,4.123853211009174,High Quality,3.2060471784178284,Moderate,78.26525466464952
TORNTPHARM,Mar 2020,1622.0,1.3590243902439025,High Quality,2.884494268799597,Asset Light,74.74654377880185
TORNTPHARM,Mar 2021,1561.0,1.601437699680511,High Quality,5.546533416614616,Moderate,62.94354838709677
TORNTPHARM,Mar 2022,1607.0,2.3204633204633205,High Quality,2.30371415138693,Asset Light,66.10448375154257
TORNTPHARM,Mar 2023,33.0,1.902008032128514,High Quality,24.272349272349274,Capital Intensive,1.1611541168191415
TORNTPHARM,Mar 2024,3106.0,1.9722222222222223,High Quality,1.4914243102162565,Asset Light,92.2209026128266
TORNTPHARM,TTM,,,Accrual Risk,,Capital Intensive,
TRENT,Mar 2013,-245.0,-1.1481481481481481,Accrual Risk,12.94559099437148,Capital Intensive,-4900.0
TRENT,Mar 2014,-94.0,2.4210526315789473,High Quality,2.0574367766823833,Asset Light,940.0
TRENT,Mar 2015,-316.0,-0.07751937984496124,Accrual Risk,13.39754816112084,Capital Intensive,-359.09090909090907
TRENT,Mar 2016,11.0,1.981818181818182,High Quality,5.812574139976276,Moderate,12.222222222222221
TRENT,Mar 2017,58.0,1.2,High Quality,2.4282560706401766,Asset Light,43.28358208955223
TRENT,Mar 2018,73.0,0.8850574712643678,Moderate,0.18544274455261936,Asset Light,35.09615384615385
TRENT,Mar 2019,-16.0,0.22105263157894736,Accrual Risk,1.4068441064638784,Asset Light,-6.639004149377594
TRENT,Mar 2020,-448.0,3.4056603773584904,High Quality,23.207114170969593,Capital Intensive,-84.68809073724007
TRENT,Mar 2021,303.0,-1.574585635359116,Accrual Risk,0.6941766293868107,Asset Light,265.7894736842105
TRENT,Mar 2022,114.0,1.6571428571428573,High Quality,1.2449977767896843,Asset Light,19.15966386554622
TRENT,Mar 2023,492.0,1.5101522842639594,High Quality,1.2496966755641834,Asset Light,44.165170556552965
TRENT,Mar 2024,841.0,0.913337846987136,Moderate,4.105050505050505,Moderate,42.668696093353624
TRENT,TTM,,,Accrual Risk,,Capital Intensive,
TVSMOTOR,Mar 2013,344.0,2.3434343434343434,High Quality,1.5978695073235687,Asset Light,78.53881278538812
TVSMOTOR,Mar 2014,235.0,2.513368983957219,High Quality,2.8029580152671754,Asset Light,47.764227642276424
TVSMOTOR,Mar 2015,-332.0,0.2530487804878049,Accrual Risk,4.046411856474259,Moderate,-54.87603305785124
TVSMOTOR,Mar 2016,331.0,2.1818181818181817,High Quality,5.317746330315549,Moderate,40.415140415140414
TVSMOTOR,Mar 2017,-20.0,1.3536345776031433,High Quality,5.688838963331461,Moderate,-2.2962112514351323
TVSMOTOR,Mar 2018,-741.0,0.5323308270676692,Moderate,6.7013463892288865,Moderate,-47.16740929344367
TVSMOTOR,Mar 2019,-2022.0,-1.2662068965517241,Accrual Risk,5.476190476190476,Moderate,-93.48127600554785
TVSMOTOR,Mar 2020,-717.0,0.5765069551777434,Moderate,5.782800148548994,Moderate,-31.669611307420492
TVSMOTOR,Mar 2021,269.0,1.893092105263158,High Quality,4.541475722156429,Moderate,12.051971326164875
TVSMOTOR,Mar 2022,-3046.0,-2.1545827633378933,Accrual Risk,6.039827550810921,Moderate,-110.56261343012703
TVSMOTOR,Mar 2023,-5713.0,-3.3651642475171886,Accrual Risk,4.090823794332896,Moderate,-141.86739508318848
TVSMOTOR,Mar 2024,-2254.0,-0.7043282743114109,Accrual Risk,2.557159279601482,Asset Light,-40.98181818181818
TVSMOTOR,TTM,,,Accrual Risk,,Capital Intensive,
ULTRACEMCO,Mar 2013,-744.0,1.3459821428571428,High Quality,21.26352734717754,Capital Intensive,-15.37507749535028
ULTRACEMCO,Mar 2014,1113.0,1.561229100768188,High Quality,11.297636275928607,Capital Intensive,27.583643122676584
ULTRACEMCO,Mar 2015,2046.0,1.9933396764985727,High Quality,9.199347807431563,Capital Intensive,46.23728813559322
ULTRACEMCO,Mar 2016,853.0,1.825,High Quality,14.602631892815968,Capital Intensive,17.40461130381555
ULTRACEMCO,Mar 2017,2504.0,1.844141488577745,High Quality,9.85615763546798,Capital Intensive,48.04297774366846
ULTRACEMCO,Mar 2018,5754.0,1.7482014388489209,High Quality,6.023435230317312,Moderate,93.63710333604557
ULTRACEMCO,Mar 2019,7121.0,2.4816666666666665,High Quality,2.8098017461772224,Asset Light,96.92391452293452
ULTRACEMCO,Mar 2020,4780.0,1.560076508433316,High Quality,9.879802026867782,Capital Intensive,51.69803158122431
ULTRACEMCO,Mar 2021,3644.0,2.288538996704504,High Quality,19.800563430666728,Capital Intensive,31.500691562932225
ULTRACEMCO,Mar 2022,11540.0,1.2657485683119716,High Quality,4.290956101827031,Moderate,100.2258120548897
ULTRACEMCO,Mar 2023,1881.0,1.787699586043761,High Quality,11.366223908918407,Capital Intensive,17.71186440677966
ULTRACEMCO,Mar 2024,2109.0,1.5559680182752713,High Quality,12.394934281040221,Capital Intensive,16.2618551931529
ULTRACEMCO,TTM,,,Accrual Risk,,Capital Intensive,
UNIONBANK,Mar 2013,-4588.0,-1.978098788443616,Accrual Risk,1.3627875561206246,Asset Light,-1411.6923076923078
UNIONBANK,Mar 2014,2207.0,1.5234143449911084,High Quality,1.234945907328026,Asset Light,-244.67849223946786
UNIONBANK,Mar 2015,-3885.0,-2.0141163184641444,Accrual Risk,0.9886829996269121,Asset Light,399.28057553956836
UNIONBANK,Mar 2016,72.0,0.060133630289532294,Accrual Risk,0.02784998143334571,Asset Light,-3.7344398340248963
UNIONBANK,Mar 2017,-6904.0,-11.56020942408377,Accrual Risk,0.8532163208093366,Asset Light,142.9399585921325
UNIONBANK,Mar 2018,5782.0,-1.169800460475825,Accrual Risk,0.9559359067734887,Asset Light,-49.41880341880342
UNIONBANK,Mar 2019,-8075.0,2.6618754277891856,High Quality,0.8655359328553942,Asset Light,93.88443204278573
UNIONBANK,Mar 2020,-81.0,0.024671579621916052,Accrual Risk,0.010672643346940952,Asset Light,0.850572298645385
UNIONBANK,Mar 2021,19926.0,7.169752008382815,High Quality,0.8671062313341317,Asset Light,-179.98374130611506
UNIONBANK,Mar 2022,35781.0,6.901994301994302,High Quality,0.8178220724021692,Asset Light,-849.2997863755044
UNIONBANK,Mar 2023,3495.0,0.7114661654135338,Moderate,3.1553786824045438,Moderate,-115.57539682539681
UNIONBANK,Mar 2024,18536.0,1.4445169239689788,High Quality,1.3887781939905954,Asset Light,403.8344226579521
UNIONBANK,TTM,,,Accrual Risk,,Capital Intensive,
UNITDSPR,Mar 2013,848.0,-18.752380952380953,Accrual Risk,10.801695895162844,Capital Intensive,77.72685609532539
UNITDSPR,Mar 2014,-804.0,0.12296725328580976,Accrual Risk,2.398172820708032,Asset Light,23.871733966745843
UNITDSPR,Mar 2015,3659.0,0.11618257261410789,Accrual Risk,41.6576615517614,Capital Intensive,-999.7267759562842
UNITDSPR,Mar 2016,1016.0,1.979020979020979,High Quality,8.628605061801059,Capital Intensive,305.1051051051051
UNITDSPR,Mar 2017,420.0,6.956989247311828,High Quality,2.574279882059424,Asset Light,42.38143289606458
UNITDSPR,Mar 2018,1029.0,1.4187116564417177,High Quality,1.2105692003259223,Asset Light,85.11166253101737
UNITDSPR,Mar 2019,882.0,1.3859649122807018,High Quality,0.7065624665453377,Asset Light,63.271162123385935
UNITDSPR,Mar 2020,589.0,1.2608695652173914,High Quality,2.0804289544235925,Asset Light,37.53983428935628
UNITDSPR,Mar 2021,1719.0,5.0220994475138125,High Quality,1.2175624154470546,Asset Light,163.55851569933398
UNITDSPR,Mar 2022,664.0,1.2046855733662145,High Quality,3.222817133443163,Moderate,41.63009404388715
UNITDSPR,Mar 2023,560.0,0.5461811722912966,Moderate,0.5182811911044101,Asset Light,39.52011291460833
UNITDSPR,Mar 2024,1344.0,0.7940340909090909,Moderate,1.996290080381592,Asset Light,67.2
UNITDSPR,TTM,,,Accrual Risk,,Capital Intensive,
VBL,Dec 2012,-227.0,11.2,High Quality,28.166666666666668,Capital Intensive,-99.56140350877193
VBL,Dec 2013,-277.0,-7.425,Accrual Risk,27.13947990543735,Capital Intensive,-95.1890034364261
VBL,Dec 2014,-69.0,-21.55,Accrual Risk,19.984012789768187,Capital Intensive,-17.829457364341085
VBL,Dec 2015,255.0,4.911504424778761,High Quality,8.839127872716558,Capital Intensive,39.719626168224295
VBL,Dec 2016,-222.0,17.208333333333332,High Quality,27.143227143227143,Capital Intensive,-27.40740740740741
VBL,Dec 2017,-126.0,2.897196261682243,High Quality,18.63136863136863,Capital Intensive,-15.035799522673033
VBL,Dec 2018,63.0,3.3333333333333335,High Quality,18.354554358472086,Capital Intensive,6.081081081081082
VBL,Dec 2019,-1012.0,2.7711864406779663,High Quality,32.53856942496493,Capital Intensive,-69.22024623803009
VBL,Dec 2020,540.0,2.834733893557423,High Quality,7.317829457364342,Moderate,44.44444444444444
VBL,Dec 2021,223.0,1.6501340482573728,High Quality,11.424685481128869,Capital Intensive,13.164108618654074
VBL,Dec 2022,21.0,1.1548387096774193,High Quality,13.428983526911106,Capital Intensive,0.7334963325183375
VBL,Dec 2023,-897.0,1.137488106565176,High Quality,20.49491990276133,Capital Intensive,-24.132364810330913
VBL,TTM,,,Accrual Risk,,Capital Intensive,
VEDL,Mar 2013,-289.0,0.009649122807017544,Accrual Risk,11.313204801746089,Capital Intensive,-62.1505376344086
VEDL,Mar 2014,12711.0,1.3659924700113826,High Quality,4.368726569113557,Moderate,64.86858892574637
VEDL,Mar 2015,13672.0,-1.5661008004222008,Accrual Risk,5.607108940442274,Moderate,61.82508817943384
VEDL,Mar 2016,12509.0,-1.140801701937073,Accrual Risk,12.243627649310634,Capital Intensive,-67.693056983603
VEDL,Mar 2017,20764.0,1.5980028278543654,High Quality,3.712011076497058,Moderate,97.13697604790418
VEDL,Mar 2018,32846.0,1.268331872626351,High Quality,16.85063026582196,Capital Intensive,132.03360533826427
VEDL,Mar 2019,13160.0,2.4493710043307897,High Quality,11.509212584738398,Capital Intensive,56.79513184584179
VEDL,Mar 2020,13375.0,-4.068296795952782,Accrual Risk,7.016235034992362,Moderate,64.47958347394301
VEDL,Mar 2021,17302.0,1.5952634379989357,High Quality,7.5868258710989425,Moderate,63.3355296873856
VEDL,Mar 2022,32720.0,1.4746098692534795,High Quality,1.6898713196516288,Asset Light,72.99660895948598
VEDL,Mar 2023,32397.0,2.279873129697304,High Quality,0.4534716376571537,Asset Light,94.09253289187069
VEDL,Mar 2024,21978.0,4.729274439580847,High Quality,9.515261572286349,Capital Intensive,62.23946533756231
VEDL,TTM,,,Accrual Risk,,Capital Intensive,
WIPRO,Mar 2013,1858.0,1.034293109026205,High Quality,12.118621426663106,Capital Intensive,24.26537808541204
WIPRO,Mar 2014,6506.0,0.8497059191590539,Moderate,0.6540162122328665,Asset Light,67.52464971458225
WIPRO,Mar 2015,5303.0,0.8997016295616249,Moderate,5.403505782624438,Moderate,51.49043596465677
WIPRO,Mar 2016,-5874.0,0.8805403594953668,Moderate,26.853875575677154,Capital Intensive,-54.4090403853279
WIPRO,Mar 2017,-2493.0,1.0891054238084057,High Quality,21.227095657192326,Capital Intensive,-22.02102287783765
WIPRO,Mar 2018,12018.0,1.052480319880045,High Quality,6.597904087213463,Moderate,115.70232020795225
WIPRO,Mar 2019,16697.0,1.2898647150144156,High Quality,8.58198207356953,Capital Intensive,143.778524067855
WIPRO,Mar 2020,13657.0,1.0298812934916086,High Quality,5.87686872321633,Moderate,110.65467509317777
WIPRO,Mar 2021,15440.0,1.3576555023923444,High Quality,1.105998223944458,Asset Light,104.52914494617833
WIPRO,Mar 2022,-11241.0,0.9050069427427918,Moderate,28.14328222715352,Capital Intensive,-67.37592903380484
WIPRO,Mar 2023,4891.0,1.1490409994721098,High Quality,9.027716382282733,Capital Intensive,29.0456677949997
WIPRO,Mar 2024,18766.0,1.58585313174946,High Quality,1.2745098039215685,Asset Light,112.02244508118433
WIPRO,TTM,,,Accrual Risk,,Capital Intensive,
ZOMATO,Mar 2018,,,Accrual Risk,,Capital Intensive,
ZOMATO,Mar 2019,,,Accrual Risk,,Capital Intensive,
ZOMATO,Mar 2020,-404.0,0.8985750209555742,Moderate,66.79462571976967,Capital Intensive,17.52711496746204
ZOMATO,Mar 2021,-6263.0,1.2475490196078431,High Quality,263.03911735205617,Capital Intensive,1341.1134903640257
ZOMATO,Mar 2022,-8664.0,0.5671031096563012,Moderate,190.14790076335876,Capital Intensive,468.0713128038898
ZOMATO,Mar 2023,-47.0,0.8692070030895983,Moderate,11.258652352027122,Capital Intensive,3.8810900082576385
ZOMATO,Mar 2024,298.0,1.8404558404558404,High Quality,2.8727092620108965,Asset Light,693.0232558139535
ZOMATO,TTM,,,Accrual Risk,,Capital Intensive,
ZYDUSLIFE,Mar 2013,-79.0,0.8739130434782608,Moderate,10.726643598615917,Capital Intensive,-6.991150442477877
ZYDUSLIFE,Mar 2014,465.0,1.0801435406698565,High Quality,6.06312292358804,Moderate,38.65336658354115
ZYDUSLIFE,Mar 2015,529.0,0.8367003367003367,Moderate,5.375101144376373,Moderate,30.125284738041003
ZYDUSLIFE,Mar 2016,1034.0,0.9643584521384929,Moderate,9.12273257664156,Capital Intensive,44.339622641509436
ZYDUSLIFE,Mar 2017,-1560.0,0.8648648648648649,Moderate,30.631399317406142,Capital Intensive,-82.01892744479495
ZYDUSLIFE,Mar 2018,-55.0,0.5077348066298343,Moderate,8.181436371272573,Capital Intensive,-1.9427764040974922
ZYDUSLIFE,Mar 2019,-2695.0,0.6750921537651395,Moderate,30.206592738872857,Capital Intensive,-90.10364426613174
ZYDUSLIFE,Mar 2020,1928.0,2.435215946843854,High Quality,7.044131060127692,Moderate,68.90636168691923
ZYDUSLIFE,Mar 2021,2457.0,1.5075514874141875,High Quality,5.8108858650374895,Moderate,72.45650250663522
ZYDUSLIFE,Mar 2022,1086.0,0.4556084885231702,Accrual Risk,6.737260092653871,Moderate,32.49551166965889
ZYDUSLIFE,Mar 2023,4231.0,1.2853728489483747,High Quality,8.945872251551894,Capital Intensive,109.61139896373058
ZYDUSLIFE,Mar 2024,1736.0,0.8124842688144979,Moderate,7.6328848416636825,Moderate,32.24368499257058
ZYDUSLIFE,TTM,,,Accrual Risk,,Capital Intensive,
INDIGO,Mar 2013,-149.0,2.2121982210927573,High Quality,20.5367814842986,Capital Intensive,-1.7848586487781506
INDIGO,Mar 2014,-1319.0,3.3649789029535864,High Quality,26.21210758298102,Capital Intensive,-12.34556345937851
INDIGO,Mar 2015,1444.0,1.8282208588957056,High Quality,6.7504488330341115,Moderate,12.01131259357844
INDIGO,Mar 2016,1779.0,1.5689828801611279,High Quality,8.28376703841388,Capital Intensive,13.709926017262639
INDIGO,Mar 2017,749.0,2.2796865581675707,High Quality,16.32400430570506,Capital Intensive,4.577679990221244
INDIGO,Mar 2018,-249.0,1.7408563782337199,High Quality,18.03570652882151,Capital Intensive,-1.2455605022260017
INDIGO,Mar 2019,634.0,20.256410256410255,High Quality,8.864090956942835,Capital Intensive,2.2130689751466073
INDIGO,Mar 2020,2370.0,-27.995967741935484,Accrual Risk,12.789461908490882,Capital Intensive,7.479407959099945
INDIGO,Mar 2021,1608.0,0.2625182304326689,Accrual Risk,22.047674339184482,Capital Intensive,10.985107255089494
INDIGO,Mar 2022,3591.0,-6.511041009463723,Accrual Risk,5.888704639234892,Moderate,14.152839632680408
INDIGO,Mar 2023,8664.0,-40.072555205047315,Accrual Risk,7.418359475443559,Moderate,18.077870049659893
INDIGO,Mar 2024,9424.0,2.5937308681278317,High Quality,17.065772669220944,Capital Intensive,17.92555113841706
INDIGO,TTM,,,Accrual Risk,,Capital Intensive,
